name,team,slug_a,seasons_a,weight_a,slug_b,seasons_b,weight_b,seasons_in_both
AJ Vindici,Pennsylvania,aj-vindici-pennsylvania,"2019,2020",141,aj-vindici-pennsylvania-2,"2016,2017",141,
Alex Smith,Army,alex-smith-army-west-point,2014,174,alex-smith-army-west-point-2,2012,165,
Alex Ward,Chattanooga,alex-ward-chattanooga,2016,141,alex-ward-chattanooga-2,2013,133,
Alfred Murabito,Pennsylvania,alfred-murabito-pennsylvania,2016,149,alfred-murabito-pennsylvania-2,"2013,2014",149,
Andrew Barksdale,North Carolina,andrew-barksdale-north-carolina,2015,285,andrew-barksdale-north-carolina-2,2012,197,
Andrew Millsap,Bucknell,andrew-millsap-bucknell,"2018,2019",174,andrew-millsap-bucknell-2,2015,149,
Angelo Broglia,Clarion,angelo-broglia-clarion,2016,285,angelo-broglia-clarion-2,2014,285,
Anthony Artalona,Pennsylvania,anthony-artalona-pennsylvania,"2022,2023",157,anthony-artalona-pennsylvania-2,"2019,2020",157,
Anthony Asatrian,Lock Haven,anthony-asatrian-lock-haven,2022,184,anthony-asatrian-lock-haven-2,2020,165,
Anthony Pedro,Brown,anthony-pedro-brown,2022,174,anthony-pedro-brown-2,"2018,2019",174,
Anthony Rossi,George Mason,anthony-rossi-george-mason,2016,197,anthony-rossi-george-mason-2,2014,197,
Avery Gambrall,Oregon State,avery-gambrall-oregon-state,2025,174,avery-gambrall-oregon-state-2,2023,157,
Ben Goldin,Pennsylvania,ben-goldin-pennsylvania,"2022,2023",285,ben-goldin-pennsylvania-2,"2019,2020",285,
ben schroeder,Binghamton,ben-schroeder-binghamton,2018,197,ben-schroeder-binghamton-2,"2015,2016",157,
Blair Orr,The Citadel,blair-orr-pennsylvania,"2022,2023",125,blair-orr-pennsylvania-2,"2019,2020",125,
Bobby Vedda,Cleveland State,bobby-vedda-cleveland-state,2015,133,bobby-vedda-cleveland-state-2,2013,125,
Brandon Gould,Buffalo,brandon-gould-buffalo,2019,141,brandon-gould-buffalo-2,2017,133,
Brendan O`Connor,Brown,brendan-oconnor-brown,2019,174,brendan-oconnor-brown-2,"2015,2016",141,
Brendan Price,Pittsburgh,brendan-price-pittsburgh,"2017,2018",125,brendan-price-pittsburgh-2,2015,125,
Brent Moore,Virginia Tech,brent-moore-virginia-tech,2020,149,brent-moore-virginia-tech-2,"2017,2018",141,
Brevin Balmeceda,Oklahoma State,brevin-balmeceda-oklahoma-state,2022,157,brevin-balmeceda-oklahoma-state-2,2020,149,
Brian Nelson,Bloomsburg,brian-nelson-bloomsburg,2014,149,brian-nelson-bloomsburg-2,2012,141,
Brock George,Wyoming,brock-george-wyoming,"2018,2019",125,brock-george-wyoming-2,"2015,2016",125,
Cam Connor,Pennsylvania,cam-connor-pennsylvania,"2022,2023,2024",165,cam-connor-pennsylvania-2,2020,157,
Carmen Ferrante,Pennsylvania,carmen-ferrante-pennsylvania,"2022,2023",141,carmen-ferrante-pennsylvania-2,"2019,2020",133,
Chase Shedenhelm,Northern Iowa,chase-shedenhelm-northern-iowa,2017,197,chase-shedenhelm-northern-iowa-2,"2014,2015",174,
Chris Loew,Columbia,chris-loew-columbia,"2015,2016",285,chris-loew-columbia-2,2013,184,
Christian Rutherford,Davidson,christian-rutherford-davidson,2026,165,christian-rutherford-davidson-2,2023,165,
Christopher Kim,Michigan,christopher-kim-michigan,2023,141,christopher-kim-michigan-2,2021,149,
Christopher Perez,Princeton,christopher-perez-princeton,2014,141,christopher-perez-princeton-2,2012,133,
Cochise Wanzer,Clarion,cochise-wanzer-clarion,2020,285,cochise-wanzer-clarion-2,"2017,2018",184,
Cole Urbas,Pennsylvania,cole-urbas-pennsylvania,"2022,2023,2024",197,cole-urbas-pennsylvania-2,2020,197,
Colton Yapoujian,Cornell,colton-yapoujian-cornell,"2022,2023,2024",157,colton-yapoujian-cornell-2,2020,157,
Connor Fredericks,Sacred Heart,connor-fredericks-sacred-heart,2022,197,connor-fredericks-sacred-heart-2,"2019,2020",285,
Connor Rossi,Sacred Heart,connor-rossi-sacred-heart,2022,197,connor-rossi-sacred-heart-2,"2019,2020",197,
Corey Keener,Penn State,corey-keener-central-michigan,"2016,2017,2018",133,corey-keener-central-michigan-2,"2013,2014",125,
Dan Hayden,Sacred Heart,dan-hayden-sacred-heart,2017,285,dan-hayden-sacred-heart-2,"2014,2015",285,
Dan Kornberg,Pittsburgh,dan-kornberg-pittsburgh,2016,285,dan-kornberg-pittsburgh-2,"2013,2014",184,
Daniel McDevitt,Pennsylvania,daniel-mcdevitt-pennsylvania,2017,174,daniel-mcdevitt-pennsylvania-2,"2014,2015",165,
Dontae McGee,Ohio,dontae-mcgee-ohio,"2017,2018",184,dontae-mcgee-ohio-2,2016,174,
Doug Zapf,Pennsylvania,doug-zapf-pennsylvania,"2022,2023",149,doug-zapf-pennsylvania-2,"2019,2020",141,
Dustin Dennison,Utah Valley,dustin-dennison-utah-valley,"2015,2016,2017,2018",285,dustin-dennison-utah-valley-2,2012,285,
Elijah Daugherty,Campbell,elijah-daugherty-campbell,2024,285,elijah-daugherty-campbell-2,"2021,2022",285,
Elijah Sullivan,Columbia,elijah-sullivan-columbia,2014,141,elijah-sullivan-columbia-2,2012,141,
Enzo Cappabianca,Northern Colorado,enzo-cappabianca-northern-colorado,"2025,2026",285,enzo-cappabianca-northern-colorado-2,2023,197,
Eric Washington Jr,Morgan State,eric-washington-jr-morgan-state,"2024,2025",197,eric-washington-jr-morgan-state-2,2026,197,
Erik Travers,SIU Edwardsville,erik-travers-siu-edwardsville,"2017,2018,2019",157,erik-travers-siu-edwardsville-2,2015,157,
Evan Mougalian,Penn,evan-mougalian-pennsylvania,"2025,2026",133,evan-mougalian-pennsylvania-2,2023,133,
Felipe Rodriguez,California Baptist,felipe-rodriguez-california-baptist,2023,285,felipe-rodriguez-california-baptist-2,2021,285,
Frankie Tal-Shahar,Northwestern,frankie-tal-shahar-northwestern,"2022,2023,2024",157,frankie-tal-shahar-northwestern-2,2021,141,
Gabe Miller,Pennsylvania,gabe-miller-pennsylvania,"2022,2023",165,gabe-miller-pennsylvania-2,2020,149,
Grant Aronoff,Pennsylvania,grant-aronoff-pennsylvania,2022,149,grant-aronoff-pennsylvania-2,"2019,2020",149,
Grant O`Dell,Bellarmine,grant-odell-bellarmine,"2024,2025,2026",174,grant-odell-bellarmine-2,2023,157,
Greg Bensley,Pennsylvania,greg-bensley-pennsylvania,2022,197,greg-bensley-pennsylvania-2,"2019,2020",197,
Greg Wilson,Oklahoma,greg-wilson-oklahoma,2015,184,greg-wilson-oklahoma-2,2013,184,
Ian Korb,Pennsylvania,ian-korb-pennsylvania,2015,174,ian-korb-pennsylvania-2,"2012,2013",174,
Jack Conway,Pennsylvania,jack-conway-pennsylvania,"2019,2020",165,jack-conway-pennsylvania-2,2017,157,
Jacob Armstrong,Utah Valley,jacob-armstrong-utah-valley,"2020,2021,2022,2023,2024",184,jacob-armstrong-utah-valley-2,2016,174,
Jacob Pail,Edinboro,jacob-pail-edinboro,"2022,2023",149,jacob-pail-edinboro-2,2020,149,
Jake DeAngelo,NC State,jake-deangelo-nc-state,2018,149,jake-deangelo-nc-state-2,"2014,2015,2016",149,
Jake Hendricks,Pennsylvania,jake-hendricks-pennsylvania,2022,184,jake-hendricks-pennsylvania-2,"2019,2020",184,
Jake Mario,North Carolina,jake-mario-north-carolina,2019,184,jake-mario-north-carolina-2,2016,174,
Jake Smith,West Virginia,jake-smith-west-virginia,2017,141,jake-smith-west-virginia-2,2015,197,
Jake Stefanowicz,Pennsylvania,jake-stefanowicz-pennsylvania,"2022,2023,2024",184,jake-stefanowicz-pennsylvania-2,2020,165,
Jalen Hill,Virginia Tech,jalen-hill-virginia-tech,2017,149,jalen-hill-virginia-tech-2,2014,141,
James Wilson,Cornell,james-wilson-cornell,2022,141,james-wilson-cornell-2,2020,133,
Jarod Maynes,Utah Valley,jarod-maynes-utah-valley,"2015,2016,2017,2018",133,jarod-maynes-utah-valley-2,2012,125,
Jeremy Ridge,Pennsylvania,jeremy-ridge-pennsylvania,"2022,2023",157,jeremy-ridge-pennsylvania-2,"2019,2020",157,
Jesse Etherington,Northern Iowa,jesse-etherington-northern-iowa,2017,165,jesse-etherington-northern-iowa-2,"2014,2015",141,
Jesse Quatse,Pennsylvania,jesse-quatse-pennsylvania,"2022,2023",285,jesse-quatse-pennsylvania-2,2020,184,
Jesse Schiffbauer,West Virginia,jesse-schiffbauer-west-virginia,2015,125,jesse-schiffbauer-west-virginia-2,"2012,2013",133,
J.J. Dixon,Oregon State,jj-dixon-oregon-state,"2020,2021,2022,2023",285,jj-dixon-oregon-state-2,2019,197,
Joe Tavoso,Princeton,joe-tavoso-princeton,2019,184,joe-tavoso-princeton-2,"2016,2017",165,
Joey Slackman,Pennsylvania,joey-slackman-pennsylvania,2022,285,joey-slackman-pennsylvania-2,2020,285,
John Stout,Pennsylvania,john-stout-pennsylvania,"2023,2024",285,john-stout-pennsylvania-2,2020,184,
Jon Guevara,Pennsylvania,jon-guevara-pennsylvania,2019,133,jon-guevara-pennsylvania-2,2016,125,
Jonathon Chavez,Cornell,jonathon-chavez-cornell,"2018,2019",174,jonathon-chavez-cornell-2,2016,184,
Joseph Correll,Michigan,joseph-correll-michigan,2022,197,joseph-correll-michigan-2,2018,197,
Josh LaBarbera,Pennsylvania,josh-labarbera-pennsylvania,2025,197,josh-labarbera-pennsylvania-2,"2022,2023",285,
Josh Patrick,Rutgers,josh-patrick-rutgers,"2016,2017",133,josh-patrick-rutgers-2,2014,125,
Josh Swanson,Pennsylvania,josh-swanson-pennsylvania,2022,174,josh-swanson-pennsylvania-2,"2019,2020",165,
Kalin Goodsite,Arizona State,kalin-goodsite-arizona-state,2014,133,kalin-goodsite-arizona-state-2,2012,133,
Karsten Van Velsor,Southern Illinois Edwardsville,karsten-van-velsor-siu-edwardsville,"2017,2018",157,karsten-van-velsor-siu-edwardsville-2,"2014,2015",149,
Kelly Dunnigan,Penn,kelly-dunnigan-pennsylvania,"2024,2025,2026",149,kelly-dunnigan-pennsylvania-2,2022,133,
Kenneth Hayden,Michigan,kenneth-hayden-michigan,"2016,2017",285,kenneth-hayden-michigan-2,2014,197,
Kevin Erickson,NCAA Testings School,kevin-erickson-ncaa-testings-school,2020,285,kevin-erickson-ncaa-testings-school-2,2018,157,
Kurtis Becker,Bloomsburg,kurtis-becker-bloomsburg,2014,149,kurtis-becker-bloomsburg-2,2012,141,
Latrell Davis,Cleveland State,latrell-davis-cleveland-state,2017,165,latrell-davis-cleveland-state-2,"2014,2015",157,
Leonardo Trindade,West Virginia,leonardo-trindade-west-virginia,2016,197,leonardo-trindade-west-virginia-2,2014,197,
Logan Shephard,Bucknell,logan-shephard-bucknell,"2023,2024,2025,2026",285,logan-shephard-bucknell-2,2024,285,2024
Lorenzo Thomas,Pennsylvania,lorenzo-thomas-pennsylvania,"2015,2016",184,lorenzo-thomas-pennsylvania-2,2012,165,
Lucas Revano,Pennsylvania,lucas-revano-pennsylvania,"2022,2023,2024",157,lucas-revano-pennsylvania-2,2020,149,
Mac Mancuso,West Virginia,mac-mancuso-west-virginia,2014,184,mac-mancuso-west-virginia-2,2012,197,
Marco Vincenzo,NCAA Testings School,marco-vincenzo-ncaa-testings-school,2019,141,marco-vincenzo-ncaa-testings-school-2,2015,141,
Matthew Cover,Princeton,matthew-cover-princeton,"2022,2023,2024",285,matthew-cover-princeton-2,2020,197,
Michael Bausano,Harvard,michael-bausano-harvard,2022,197,michael-bausano-harvard-2,"2019,2020",174,
Michael Bennett,West Virginia,michael-bennett-west-virginia,2015,149,michael-bennett-west-virginia-2,"2012,2013",149,
Michael Colaiocco,Pennsylvania,michael-colaiocco-pennsylvania,"2022,2023,2024",133,michael-colaiocco-pennsylvania-2,2020,125,
Michael Gasper,Little Rock,michael-gasper-little-rock,2026,285,michael-gasper-little-rock-2,2024,197,
Michael Kistler,Pennsylvania,michael-kistler-pennsylvania,"2022,2023",174,michael-kistler-pennsylvania-2,2020,165,
Michael Murphy,Virginia,michael-murphy-virginia,"2024,2025,2026",165,michael-murphy-virginia-2,"2017,2018,2019,2020",149,
MIchael Smith,Navy,michael-smith-navy,"2019,2020",197,michael-smith-navy-2,2017,285,
Michael Squires,Princeton,michael-squires-princeton,"2024,2025",184,michael-squires-princeton-2,2022,174,
Mike Morales,West Virginia,mike-morales-west-virginia,"2014,2015",141,mike-morales-west-virginia-2,2012,141,
Miles Chapman,Ohio,miles-chapman-ohio,2015,184,miles-chapman-ohio-2,2012,165,
Mitchell Brown,Utah Valley,mitchell-brown-utah-valley,2019,125,mitchell-brown-utah-valley-2,"2016,2017",125,
Morvens Saint-Jean,Presbyterian,morvens-saint-jean-presbyterian-college,"2024,2025,2026",285,morvens-saint-jean-presbyterian-college-2,2023,285,
Nate Hoaglund,Pennsylvania,nate-hoaglund-pennsylvania,"2022,2023",285,nate-hoaglund-pennsylvania-2,2020,285,
Neil Antrassian,Virginia,neil-antrassian-pennsylvania,"2022,2023",184,neil-antrassian-pennsylvania-2,"2019,2020",174,
Nicholas Chase Brennan,Missouri,nicholas-chase-brennan-missouri,2017,133,nicholas-chase-brennan-missouri-2,"2015,2016",125,
Nicholas Gravina,Rutgers,nicholas-gravina-rutgers,"2016,2017",184,nicholas-gravina-rutgers-2,2014,174,
Nicholas Olejnik,North Dakota State University,nicholas-olejnik-north-dakota-state,2016,165,nicholas-olejnik-north-dakota-state-2,2014,157,
Nicholas Tewell,Franklin & Marshall,nicholas-tewell-franklin-marshall,"2022,2023",149,nicholas-tewell-franklin-marshall-2,2020,133,
Nicholas West,Michigan State,nicholas-west-michigan-state,2025,285,nicholas-west-michigan-state-2,2022,285,
Nick Gajdzik,Harvard,nick-gajdzik-harvard,"2016,2017",285,nick-gajdzik-harvard-2,"2013,2014",285,
Nick Gravina,Rutgers,nick-gravina-rutgers,"2018,2019",184,nick-gravina-rutgers-2,2015,165,
Parker Meytrott,Army West Point,parker-meytrott-army-west-point,"2017,2018",285,parker-meytrott-army-west-point-2,2015,174,
Quinton Hiles,Pennsylvania,quinton-hiles-pennsylvania,"2017,2018",174,quinton-hiles-pennsylvania-2,"2014,2015",165,
Reece Henry,Oklahoma,reece-henry-oklahoma,"2017,2018,2019",184,reece-henry-oklahoma-2,2015,149,
Reynold (Buzzy) Maines,Clarion,reynold-buzzy-maines-clarion,"2022,2023",285,reynold-buzzy-maines-clarion-2,2016,197,
Richard Krop,Princeton,richard-krop-princeton,2014,149,richard-krop-princeton-2,2012,141,
Richard Ryu,Illinois,richard-ryu-illinois,2023,197,richard-ryu-illinois-2,2020,197,
Robert Dooley,George Mason,robert-dooley-george-mason,2015,133,robert-dooley-george-mason-2,2013,125,
Ryder Cavey,Brown,ryder-cavey-brown,2016,285,ryder-cavey-brown-2,2014,285,
Salvatore Profaci,Michigan,salvatore-profaci-michigan,2018,141,salvatore-profaci-michigan-2,2016,133,
Sean Raftery,George Mason,sean-raftery-george-mason,2016,174,sean-raftery-george-mason-2,2014,165,
Shane Hanson-Ashworth,Brown,shane-hanson-ashworth-brown,"2022,2023",125,shane-hanson-ashworth-brown-2,2020,141,
Spencer Good,Columbia,spencer-good-columbia,2022,133,spencer-good-columbia-2,"2018,2019,2020",133,
Tobey Ravida,Northern Colorado,tobey-ravida-northern-colorado,"2025,2026",141,tobey-ravida-northern-colorado-2,2023,133,
Trevor Tarsi,Harvard,trevor-tarsi-harvard,"2022,2023",157,trevor-tarsi-harvard-2,"2018,2019",141,
Tyler Awtry,Virginia Tech,tyler-awtry-virginia-tech,2017,149,tyler-awtry-virginia-tech-2,2014,125,
Tyler Megonigal,Lock Haven,tyler-megonigal-lock-haven,2022,165,tyler-megonigal-lock-haven-2,2019,157,
Van Grimes,Vmi,van-grimes-vmi,2015,184,van-grimes-vmi-2,"2012,2013",165,
Vince Mannella,Pennsylvania,vince-mannella-pennsylvania,2025,165,vince-mannella-pennsylvania-2,"2022,2023",149,
William Connell,The Citadel,william-connell-the-citadel,"2015,2016",165,william-connell-the-citadel-2,2012,165,
Willy Kaiser,Pennsylvania,willy-kaiser-pennsylvania,2022,184,willy-kaiser-pennsylvania-2,"2019,2020",184,
zak Hassan,Ohio,zak-hassan-ohio,"2016,2017,2018",149,zak-hassan-ohio-2,2014,133,
Zakaria Loudini,Pennsylvania,zakaria-loudini-pennsylvania,"2022,2023",285,zakaria-loudini-pennsylvania-2,2020,285,
Zeke Moisey,Nebraska,zeke-moisey-west-virginia,"2018,2019",125,zeke-moisey-west-virginia-2,"2015,2016",125,
