year,rank,tied,team,points,champions,official
1929,1,False,Oklahoma State,26,4,True
1929,2,False,Michigan,18,0,True
1929,3,False,Oklahoma,13,1,True
1929,4,False,Illinois,11,2,True
1929,5,False,Wisconsin,9,0,True
1929,6,False,Cornell,7,1,True
1929,7,False,Purdue,4,0,True
1929,8,False,Ohio State,3,0,True
1929,9,True,West Virginia,2,0,True
1929,9,True,Iowa,2,0,True
1930,1,False,Oklahoma State,27,3,True
1930,2,False,Illinois,14,1,True
1930,3,False,Oklahoma,12,2,True
1930,4,False,Iowa State,7,1,True
1930,5,False,Michigan,6,1,True
1930,6,True,MIT,5,0,True
1930,6,True,Kansas State,5,0,True
1930,8,True,Kansas,4,0,True
1930,8,True,Central Oklahoma,4,0,True
1930,8,True,Ohio State,4,0,True
1930,8,True,Cornell Iowa,4,0,True
1931,1,False,Oklahoma State,29,4,False
1931,2,False,Iowa State,17,1,False
1931,3,False,Kansas State,13,1,False
1931,4,False,Northern Iowa,8,0,False
1931,5,False,Lehigh,7,1,False
1931,6,True,Northwestern,5,1,False
1931,6,True,Michigan State,5,0,False
1931,6,True,Michigan,5,0,False
1931,9,False,Cornell Iowa,3,0,False
1932,1,False,Indiana,14,1,True
1932,2,False,Oklahoma State,11,0,True
1932,3,False,Iowa State,10,1,True
1932,4,False,Northwestern,9,1,True
1932,5,True,Oklahoma,8,1,True
1932,5,True,Ohio University,8,1,True
1932,7,False,Michigan,7,1,True
1932,8,True,Southwestern Oklaho,6,0,True
1932,8,True,Navy,6,0,True
1932,8,True,Illinois,6,1,True
1934,1,False,Oklahoma State,29,3,True
1934,2,False,Indiana,19,1,True
1934,3,False,Oklahoma,14,2,True
1934,4,False,Southwestern Oklahoma,12,1,True
1934,5,False,Lehigh,7,1,True
1934,6,False,Springfield,4,0,True
1934,7,True,Central Oklahoma,3,0,True
1934,7,True,Northern Iowa,3,0,True
1934,7,True,Michigan,3,0,True
1934,10,True,Washington & Lee,2,0,True
1934,10,True,Illinois,2,0,True
1934,10,True,Cornell Iowa,2,0,True
1935,1,False,Oklahoma State,36,3,True
1935,2,False,Oklahoma,18,2,True
1935,3,True,Indiana,15,1,True
1935,3,True,Illinois,15,1,True
1935,5,True,Penn State,8,1,True
1935,5,True,Lehigh,8,0,True
1935,7,True,Southwestern Oklaho,6,0,True
1935,7,True,Iowa,6,0,True
1935,7,True,Cornell Iowa,6,0,True
1935,10,False,Washington & Lee,5,0,True
1936,1,False,Oklahoma,14,2,True
1936,2,False,Central Oklahoma,10,2,True
1936,3,False,Oklahoma State,8,1,True
1936,4,False,Indiana,6,0,True
1936,5,True,Michigan State,5,1,True
1936,5,True,Lehigh,5,1,True
1936,7,True,Washington & Lee,3,0,True
1936,7,True,Southwestern Oklahoma,3,0,True
1936,7,True,Navy,3,0,True
1936,7,True,Cornell Iowa,3,0,True
1937,1,False,Oklahoma State,31,4,True
1937,2,False,Oklahoma,13,1,True
1937,3,True,Northern Iowa,9,1,True
1937,3,True,Minnesota,9,1,True
1937,5,False,Illinois,8,0,True
1937,6,False,Cornell Iowa,7,1,True
1937,7,False,Kansas State,5,0,True
1937,8,True,Central Oklahoma,4,0,True
1937,8,True,Indiana,4,0,True
1937,10,False,Iowa State,3,0,True
1938,1,False,Oklahoma State,19,3,True
1938,2,False,Illinois,15,2,True
1938,3,False,Indiana,12,1,True
1938,4,True,Southwestern Oklahoma,8,0,True
1938,4,True,Oklahoma,8,1,True
1938,6,False,Minnesota,6,0,True
1938,7,True,Lehigh,5,0,True
1938,7,True,Harvard,5,1,True
1938,7,True,Cornell Iowa,5,0,True
1938,10,False,Chicago University,4,0,True
1939,1,False,Oklahoma State,33,3,True
1939,2,False,Lehigh,12,1,True
1939,3,False,Illinois,11,1,True
1939,4,True,Minnesota,9,1,True
1939,4,True,Michigan,9,1,True
1939,4,True,Indiana,9,1,True
1939,4,True,Franklin & Marshall,9,0,True
1939,8,False,Penn State,5,0,True
1939,9,False,CCNY,4,0,True
1939,10,False,Appalachian State,3,0,True
1940,1,False,Oklahoma State,24,2,True
1940,2,False,Indiana,14,1,True
1940,3,False,Michigan,10,1,True
1940,4,True,Ohio State,7,1,True
1940,4,True,Lehigh,7,1,True
1940,4,True,Colorado State,7,1,True
1940,7,True,Northern Iowa,6,0,True
1940,7,True,Minnesota,6,0,True
1940,9,True,Oklahoma,5,1,True
1940,9,True,Iowa State,5,0,True
1941,1,False,Oklahoma State,37,4,True
1941,2,False,Michigan State,26,2,True
1941,3,False,Minnesota,12,1,True
1941,4,False,Yale,8,0,True
1941,5,True,Wisconsin,7,0,True
1941,5,True,Kent State,7,0,True
1941,5,True,Appalachian State,7,0,True
1941,8,True,Pennsylvania,6,1,True
1941,8,True,Kansas State,6,0,True
1941,10,True,Northern Iowa,5,0,True
1941,10,True,Iowa,5,0,True
1941,10,True,Franklin & Marshall,5,0,True
1942,1,False,Oklahoma State,31,4,True
1942,2,False,Michigan State,26,3,True
1942,3,False,Penn State,10,0,True
1942,4,False,Michigan,8,0,True
1942,5,True,Purdue,7,0,True
1942,5,True,Navy,7,0,True
1942,5,True,Kent State,7,0,True
1942,8,True,Pennsylvania,6,1,True
1942,8,True,Illinois,6,0,True
1942,10,False,Northern Iowa,5,0,True
1946,1,False,Oklahoma State,25,2,True
1946,2,False,Northern Iowa,24,3,True
1946,3,False,Illinois,17,1,True
1946,4,False,Indiana,13,0,True
1946,5,False,Michigan,8,1,True
1946,6,False,Ohio State,7,1,True
1946,7,False,Iowa State,6,0,True
1946,8,False,Michigan State,5,0,True
1946,9,True,Penn State,2,0,True
1946,9,True,Northern Colorado,2,0,True
1946,9,True,Nebraska,2,0,True
1947,1,False,Cornell Iowa,32,2,True
1947,2,False,Northern Iowa,19,3,True
1947,3,False,Oklahoma State,15,1,True
1947,4,False,Michigan State,11,1,True
1947,5,False,Oklahoma,10,0,True
1947,6,False,Illinois,9,0,True
1947,7,False,Iowa,6,1,True
1947,8,True,Purdue,5,0,True
1947,8,True,Iowa State,5,0,True
1947,10,True,Minnesota,4,0,True
1947,10,True,Michigan,4,0,True
1948,1,False,Oklahoma State,33,2,True
1948,2,False,Michigan State,28,1,True
1948,3,False,Illinois,23,0,True
1948,4,True,Purdue,15,1,True
1948,4,True,Northern Iowa,15,1,True
1948,4,True,Iowa,15,0,True
1948,7,False,Minnesota,12,1,True
1948,8,False,Waynesburg,11,1,True
1948,9,True,Navy,9,0,True
1948,9,True,Iowa State,9,1,True
1948,9,True,Colorado State,9,0,True
1949,1,False,Oklahoma State,32,2,True
1949,2,False,Northern Iowa,27,3,True
1949,3,False,Cornell Iowa,21,1,True
1949,4,False,Michigan State,13,0,True
1949,5,False,Minnesota,11,1,True
1949,6,False,Purdue,9,1,True
1949,7,True,Nebraska,5,0,True
1949,7,True,Iowa,5,0,True
1949,9,False,Syracuse,4,0,True
1949,10,True,Illinois,3,0,True
1949,10,True,Colorado State,3,0,True
1950,1,False,Northern Iowa,30,3,True
1950,2,False,Purdue,16,1,True
1950,3,False,Cornell Iowa,14,1,True
1950,4,True,Syracuse,10,0,True
1950,4,True,Oklahoma State,10,1,True
1950,6,False,Iowa,7,1,True
1950,7,True,Waynesburg,6,1,True
1950,7,True,Ithaca,6,0,True
1950,9,False,Penn State,5,0,True
1950,10,True,Oklahoma,3,0,True
1950,10,True,Navy,3,0,True
1950,10,True,Illinois,3,0,True
1951,1,False,Oklahoma,24,1,True
1951,2,False,Oklahoma State,23,2,True
1951,3,False,Penn State,15,0,True
1951,4,False,Northern Iowa,10,1,True
1951,5,False,Princeton,8,1,True
1951,6,True,Toledo,7,0,True
1951,6,True,Ohio State,7,0,True
1951,6,True,Michigan State,7,1,True
1951,9,True,Waynesburg,6,1,True
1951,9,True,Cornell Iowa,6,1,True
1952,1,False,Oklahoma,22,2,True
1952,2,False,Northern Iowa,21,2,True
1952,3,False,Oklahoma State,20,2,True
1952,4,False,Toledo,10,1,True
1952,5,False,Penn State,8,1,True
1952,6,True,Waynesburg,7,0,True
1952,6,True,Illinois,7,0,True
1952,6,True,Colorado,7,0,True
1952,9,True,Pittsburgh,6,1,True
1952,9,True,Indiana,6,0,True
1952,9,True,California-Berkeley,6,1,True
1953,1,False,Penn State,21,1,True
1953,2,False,Oklahoma,15,0,True
1953,3,False,Cornell,13,2,True
1953,4,True,Oklahoma State,11,1,True
1953,4,True,Northern Iowa,11,1,True
1953,6,False,Pittsburgh,9,1,True
1953,7,False,Michigan,8,1,True
1953,8,True,Minnesota,7,1,True
1953,8,True,Michigan State,7,0,True
1953,10,True,Lock Haven,6,1,True
1953,10,True,Illinois,6,0,True
1953,10,True,Colorado State,6,0,True
1953,10,True,Auburn,6,1,True
1954,1,False,Oklahoma State,32,3,True
1954,2,False,Pittsburgh,17,2,True
1954,3,False,Penn State,13,0,True
1954,4,True,Navy,12,1,True
1954,4,True,Iowa,12,1,True
1954,6,False,Michigan State,11,1,True
1954,7,True,Oklahoma,10,1,True
1954,7,True,Michigan,10,1,True
1954,9,False,Lehigh,9,0,True
1954,10,False,Syracuse,6,0,True
1955,1,False,Oklahoma State,40,2,True
1955,2,False,Penn State,31,2,True
1955,3,False,Pittsburgh,28,1,True
1955,4,False,Oklahoma,26,1,True
1955,5,False,Lehigh,25,1,True
1955,6,False,Iowa,24,1,True
1955,7,False,Michigan,23,0,True
1955,8,False,Navy,21,1,True
1955,9,False,Illinois,19,0,True
1955,10,False,Colorado,15,0,True
1956,1,False,Oklahoma State,65,1,True
1956,2,False,Oklahoma,62,2,True
1956,3,False,Pittsburgh,51,2,True
1956,4,False,Iowa,43,2,True
1956,5,False,Penn State,27,0,True
1956,6,False,Lehigh,25,1,True
1956,7,False,Colorado State,24,0,True
1956,8,True,Michigan State,20,1,True
1956,8,True,Illinois,20,1,True
1956,10,False,Purdue,13,0,True
1957,1,False,Oklahoma,73,2,True
1957,2,False,Pittsburgh,66,3,True
1957,3,False,Iowa State,38,0,True
1957,4,False,Oklahoma State,37,1,True
1957,5,False,Penn State,33,1,True
1957,6,True,Michigan,30,0,True
1957,6,True,Illinois,30,1,True
1957,8,False,Iowa,27,1,True
1957,9,False,Lehigh,19,1,True
1957,10,True,Virginia,13,0,True
1957,10,True,Minnesota,13,0,True
1958,1,False,Oklahoma State,77,2,True
1958,2,False,Iowa State,62,2,True
1958,3,False,Oklahoma,50,2,True
1958,4,False,Michigan State,35,1,True
1958,5,False,Iowa,26,1,True
1958,6,False,Illinois,22,1,True
1958,7,True,Wyoming,16,0,True
1958,7,True,Cornell,16,0,True
1958,9,False,Pittsburgh,15,1,True
1958,10,True,Minnesota State-Mankato,13,0,True
1958,10,True,Lehigh,13,0,True
1959,1,False,Oklahoma State,73,2,True
1959,2,False,Iowa State,51,2,True
1959,3,False,Oklahoma,41,1,True
1959,4,False,Iowa,33,1,True
1959,5,False,Pittsburgh,30,0,True
1959,6,False,Wyoming,25,0,True
1959,7,False,Minnesota State-Mankato,21,0,True
1959,8,False,Lehigh,20,1,True
1959,9,True,Minnesota,17,0,True
1959,9,True,Michigan State,17,0,True
1960,1,False,Oklahoma,59,3,True
1960,2,False,Iowa State,40,2,True
1960,3,False,Wyoming,36,1,True
1960,4,False,Iowa,32,0,True
1960,5,False,Oklahoma State,29,0,True
1960,6,False,Lock Haven,25,1,True
1960,7,False,Penn State,23,0,True
1960,8,False,Pittsburgh,21,0,True
1960,9,False,Northwestern,20,1,True
1960,10,True,Northern Illinois,17,1,True
1960,10,True,Cornell,17,1,True
1961,1,False,Oklahoma State,82,2,True
1961,2,False,Oklahoma,63,2,True
1961,3,False,Iowa State,29,1,True
1961,4,False,Oregon State,28,1,True
1961,5,False,Pittsburgh,26,1,True
1961,6,False,Lehigh,24,0,True
1961,7,True,Penn State,20,0,True
1961,7,True,Michigan State,20,1,True
1961,9,False,Northern Iowa,19,0,True
1961,10,False,Michigan,18,0,True
1962,1,False,Oklahoma State,82,3,True
1962,2,False,Oklahoma,45,3,True
1962,3,False,Iowa,34,1,True
1962,4,False,Lehigh,27,0,True
1962,5,False,Northern Iowa,23,0,True
1962,6,True,SIU-Carbondale,19,0,True
1962,6,True,Pittsburgh,19,0,True
1962,9,True,Wisconsin,19,0,True
1962,9,True,Nebraska,18,0,True
1962,9,True,Michigan State,18,0,True
1963,1,False,Oklahoma,48,1,True
1963,2,False,Iowa State,45,0,True
1963,3,False,Michigan,36,1,True
1963,4,True,Syracuse,32,1,True
1963,4,True,Pittsburgh,32,1,True
1963,4,True,Oklahoma State,32,0,True
1963,7,False,Iowa,25,0,True
1963,8,False,Lehigh,24,1,True
1963,9,False,Colorado State,23,0,True
1963,10,False,Minnesota,18,0,True
1964,1,False,Oklahoma State,87,2,True
1964,2,False,Oklahoma,58,2,True
1964,3,False,Iowa State,46,1,True
1964,4,True,SIU-Carbondale,31,2,True
1964,4,True,Colorado,31,1,True
1964,6,False,Michigan,29,0,True
1964,7,False,Lock Haven,23,1,True
1964,8,False,Penn State,19,0,True
1964,9,True,Ohio University,18,1,True
1964,9,True,Maryland,18,0,True
1965,1,False,Iowa State,87,2,True
1965,2,False,Oklahoma State,86,3,True
1965,3,False,Lehigh,45,2,True
1965,4,False,Oklahoma,44,1,True
1965,5,False,Michigan,39,0,True
1965,6,False,Arizona State,30,0,True
1965,7,True,Syracuse,17,1,True
1965,7,True,Oregon State,17,0,True
1965,9,False,Maryland,16,1,True
1965,10,True,Wisconsin,15,0,True
1965,10,True,Navy,15,0,True
1965,10,True,Army,15,0,True
1966,1,False,Oklahoma State,79,3,True
1966,2,False,Iowa State,70,1,True
1966,3,False,Oklahoma,69,1,True
1966,4,False,Lehigh,48,1,True
1966,5,False,Michigan,47,1,True
1966,6,False,Michigan State,32,1,True
1966,7,True,Lock Haven,22,1,True
1966,7,True,East Stroudsburg,22,0,True
1966,9,False,Portland State,21,1,True
1966,10,False,Army,17,0,True
1967,1,False,Michigan State,74,2,True
1967,2,False,Michigan,63,1,True
1967,3,False,Iowa State,51,1,True
1967,4,False,Oklahoma,48,1,True
1967,5,False,Portland State,41,1,True
1967,6,False,Oklahoma State,40,1,True
1967,7,False,Lehigh,36,1,True
1967,8,False,Arizona State,27,1,True
1967,9,False,Navy,20,0,True
1967,10,False,Air Force,18,1,True
1968,1,False,Oklahoma State,81,1,True
1968,2,False,Iowa State,78,3,True
1968,3,False,Oklahoma,74,1,True
1968,4,False,Michigan State,55,1,True
1968,5,False,Navy,35,0,True
1968,6,True,Portland State,28,0,True
1968,6,True,Lock Haven,28,1,True
1968,6,True,Cal Poly-SLO,28,0,True
1968,9,False,Michigan,27,1,True
1968,10,False,Northwestern,25,0,True
1969,1,False,Iowa State,104,3,True
1969,2,False,Oklahoma,69,3,True
1969,3,False,Oregon State,58,1,True
1969,4,False,Michigan State,57,0,True
1969,5,False,Cal Poly-SLO,52,1,True
1969,6,False,Oklahoma State,51,0,True
1969,7,False,Iowa,38,0,True
1969,8,False,UCLA,28,0,True
1969,9,False,Michigan,27,0,True
1969,10,False,Temple,22,1,True
1970,1,False,Iowa State,99,3,True
1970,2,False,Michigan State,84,1,True
1970,3,False,Oregon State,80,1,True
1970,4,False,Oklahoma State,79,3,True
1970,5,False,Iowa,45,0,True
1970,6,False,Oklahoma,44,1,True
1970,7,False,Washington,27,1,True
1970,8,False,Pittsburgh,22,0,True
1970,9,False,Ohio University,21,0,True
1970,10,False,Michigan,19,0,True
1971,1,False,Oklahoma State,94,3,True
1971,2,False,Iowa State,66,2,True
1971,3,False,Michigan State,44,1,True
1971,4,True,Penn State,43,1,True
1971,4,True,Oregon State,43,1,True
1971,6,False,Oklahoma,39,0,True
1971,7,False,Lehigh,32,0,True
1971,8,False,Washington,30,0,True
1971,9,False,Cal Poly-SLO,27,0,True
1971,10,True,Portland State,26,0,True
1971,10,True,Navy,26,0,True
1972,1,False,Iowa State,103,3,True
1972,2,False,Michigan State,72.5,3,True
1972,3,False,Oklahoma State,57,0,True
1972,4,False,Washington,54,1,True
1972,5,False,Oklahoma,45.5,0,True
1972,7,False,Oregon State,28,0,True
1972,8,False,Penn State,26.5,1,True
1972,9,True,Ohio University,26,0,True
1972,9,True,Navy,26,0,True
1973,1,False,Iowa State,85,2,True
1973,2,False,Oregon State,72.5,1,True
1973,3,False,Michigan,59.5,1,True
1973,4,False,Brigham Young,43.5,0,True
1973,5,False,Oklahoma State,42,0,True
1973,6,False,Oklahoma,38,0,True
1973,7,True,Washington,34,0,True
1973,7,True,Iowa,34,1,True
1973,9,False,Ohio University,25.5,0,True
1973,10,True,Penn State,24.5,0,True
1973,10,True,Navy,24.5,1,True
1974,1,False,Oklahoma,69.5,2,True
1974,2,False,Michigan,67,1,True
1974,3,False,Oklahoma State,64,0,True
1974,4,False,Iowa State,63,0,True
1974,5,False,Iowa,48.5,0,True
1974,6,False,Washington,44.5,0,True
1974,7,False,Penn State,43,0,True
1974,8,False,Oregon State,39.5,1,True
1974,9,False,Lehigh,35,1,True
1974,10,False,Slippery Rock,33.5,0,True
1975,1,False,Iowa,102,2,True
1975,2,False,Oklahoma,77,1,True
1975,3,False,Oklahoma State,68,1,True
1975,4,False,Iowa State,66.5,1,True
1975,5,False,Lehigh,54,2,True
1975,6,False,Wisconsin,41,0,True
1975,7,False,Oregon State,36.5,1,True
1975,8,False,Cal Poly-SLO,36,0,True
1975,9,False,Purdue,34.5,0,True
1975,10,False,Penn State,33,1,True
1976,1,False,Iowa,123.25,3,True
1976,2,False,Iowa State,85.75,0,True
1976,3,False,Oklahoma State,64.5,1,True
1976,4,False,Wisconsin,64,3,True
1976,5,False,Lehigh,55.25,1,True
1976,6,False,Cal Poly-SLO,53,1,True
1976,7,False,Minnesota,42.5,1,True
1976,8,False,Michigan,36.5,0,True
1976,9,False,Oklahoma,34.25,0,True
1976,10,False,Penn State,23.25,0,True
1977,1,False,Iowa State,95.5,1,True
1977,2,False,Oklahoma State,88.75,2,True
1977,3,False,Iowa,84,1,True
1977,4,False,Minnesota,66,1,True
1977,5,False,Oregon State,52.25,0,True
1977,6,False,Wisconsin,50.75,2,True
1977,7,False,Oklahoma,49,1,True
1977,8,False,Lehigh,48.75,0,True
1977,9,False,Michigan,45.5,1,True
1977,10,False,Kentucky,41.5,0,True
1978,1,False,Iowa,94.5,0,True
1978,2,False,Iowa State,94,1,True
1978,3,False,Oklahoma State,86.25,1,True
1978,4,False,Wisconsin,77.25,2,True
1978,5,False,Oklahoma,52.25,1,True
1978,6,False,Brigham Young,41.5,0,True
1978,7,False,Lehigh,37.5,1,True
1978,8,False,Oregon State,33.25,1,True
1978,9,False,Cal Poly-SLO,32.5,0,True
1978,10,False,Michigan,29.25,1,True
1979,1,False,Iowa,122.5,2,True
1979,2,False,Iowa State,88,1,True
1979,3,False,Lehigh,69.75,2,True
1979,4,False,Oregon State,60.5,1,True
1979,5,False,Wisconsin,56.5,0,True
1979,6,False,Oklahoma State,52.75,1,True
1979,7,False,Minnesota,43.75,0,True
1979,8,False,Arizona State,34.5,0,True
1979,9,False,Oklahoma,31.5,0,True
1979,10,False,Michigan,25,1,True
1980,1,False,Iowa,110.75,2,True
1980,2,False,Oklahoma State,87,2,True
1980,3,False,Iowa State,81.75,0,True
1980,4,False,Oklahoma,67.5,0,True
1980,5,False,Arizona State,56.5,0,True
1980,6,False,Lehigh,56.25,0,True
1980,7,False,Wisconsin,55,1,True
1980,8,False,North Carolina State,37.25,1,True
1980,9,False,Oregon State,32.5,1,True
1980,10,False,Kentucky,24.25,0,True
1981,1,False,Iowa,129.75,2,True
1981,2,False,Oklahoma,100.25,2,True
1981,3,False,Iowa State,84.75,2,True
1981,4,False,Oklahoma State,68.5,1,True
1981,5,False,Lehigh,38,0,True
1981,6,False,Penn State,31.75,0,True
1981,7,False,Syracuse,30.5,1,True
1981,8,False,Central Michigan,28.75,0,True
1981,9,False,Auburn,25.75,0,True
1981,10,False,Oregon State,25.25,0,True
1982,1,False,Iowa,131.75,3,True
1982,2,False,Iowa State,111,1,True
1982,3,False,Oklahoma,109,3,True
1982,4,False,Oklahoma State,71.75,0,True
1982,5,False,North Carolina,47,1,True
1982,6,False,Nebraska,40.25,0,True
1982,7,False,Indiana State,33,1,True
1982,8,False,Lehigh,31.75,0,True
1982,9,False,San Jose State,26.75,0,True
1982,10,False,Northern Iowa,26,0,True
1983,1,False,Iowa,155,4,True
1983,2,False,Oklahoma State,102,2,True
1983,3,False,Iowa State,94.25,1,True
1983,4,False,Oklahoma,64.75,1,True
1983,5,False,Lehigh,49,1,True
1983,6,False,Nebraska,46,0,True
1983,7,False,Penn State,33.75,0,True
1983,8,False,Louisiana State,30.5,0,True
1983,9,False,Cal Poly-SLO,28.5,0,True
1983,10,False,Northern Iowa,26.5,0,True
1984,1,False,Iowa,123.75,1,True
1984,2,False,Oklahoma State,98,2,True
1984,3,False,Penn State,70.5,2,True
1984,4,False,Nebraska,61,2,True
1984,5,False,Oklahoma,51.5,0,True
1984,6,False,Wisconsin,49.5,0,True
1984,7,False,Iowa State,40.25,1,True
1984,8,False,Louisiana State,38.75,0,True
1984,9,False,Michigan State,29.25,0,True
1984,10,False,Missouri,29,0,True
1985,1,False,Iowa,145.25,2,True
1985,2,False,Oklahoma,98.5,2,True
1985,3,False,Iowa State,70,1,True
1985,4,False,Oklahoma State,56,0,True
1985,5,False,Michigan,52,0,True
1985,6,False,Arizona State,50.75,1,True
1985,7,False,Penn State,46.75,0,True
1985,8,False,Tennessee,32.5,1,True
1985,9,False,Lehigh,31.5,0,True
1985,10,False,Bloomsburg,31,1,True
1986,1,False,Iowa,158,5,True
1986,2,False,Oklahoma,84.75,1,True
1986,3,False,Oklahoma State,77.25,0,True
1986,4,False,Iowa State,71,0,True
1986,5,False,Penn State,47.25,0,True
1986,6,False,North Carolina,38.75,0,True
1986,7,False,Bloomsburg,37.75,1,True
1986,8,False,Arizona State,36.5,0,True
1986,9,False,Lehigh,32.75,0,True
1986,10,False,Michigan,32,1,True
1987,1,False,Iowa State,133,4,True
1987,2,False,Iowa,108,2,True
1987,3,False,Penn State,97.75,0,True
1987,4,False,Oklahoma State,85.25,1,True
1987,5,False,Bloomsburg,47.25,1,True
1987,6,False,Clarion,46,0,True
1987,7,False,North Carolina,42.75,0,True
1987,8,False,Edinboro,38.25,0,True
1987,9,False,Arizona State,35.75,0,True
1987,10,False,Lehigh,32.25,1,True
1988,1,False,Arizona State,93,0,True
1988,2,False,Iowa,85.5,1,True
1988,3,False,Iowa State,83.75,1,True
1988,4,False,Oklahoma State,80.5,1,True
1988,5,False,Penn State,71.5,1,True
1988,6,False,Michigan,62.5,0,True
1988,7,False,Edinboro,53.5,0,True
1988,8,False,Oklahoma,45,0,True
1988,9,False,Ohio State,39.75,1,True
1988,10,False,North Carolina State,36,1,True
1989,1,False,Oklahoma State,91.25,2,True
1989,2,False,Arizona State,70.5,1,True
1989,3,False,Iowa State,63,2,True
1989,4,False,Oklahoma,61,0,True
1989,5,False,Michigan,53.25,0,True
1989,6,False,Iowa,52.5,0,True
1989,7,False,Minnesota,45.75,0,True
1989,8,False,Northwestern,40.5,0,True
1989,9,False,Edinboro,40,1,True
1989,10,False,Penn State,39.75,0,True
1990,1,False,Oklahoma State,117.75,2,True
1990,2,False,Arizona State,104.75,1,True
1990,3,False,Iowa,102.75,2,True
1990,4,False,Northwestern,66.75,1,True
1990,5,False,Nebraska,64.25,0,True
1990,6,False,Penn State,57.5,0,True
1990,7,False,Oklahoma,48.25,1,True
1990,8,False,Indiana,45.5,1,True
1990,9,False,Iowa State,43.5,0,True
1990,10,False,Minnesota,42.25,0,True
1991,1,False,Iowa,157,2,True
1991,2,False,Oklahoma State,108.75,1,True
1991,3,False,Penn State,67.5,1,True
1991,4,False,Ohio State,56.75,0,True
1991,5,False,Iowa State,51.75,0,True
1991,6,False,West Virginia,48.75,1,True
1991,7,False,Purdue,39.75,0,True
1991,8,False,Minnesota,39,1,True
1991,9,False,Cal State-Bakersfield,38.5,1,True
1991,10,False,Nebraska,38,1,True
1992,1,False,Iowa,149,3,True
1992,2,False,Oklahoma State,100.5,1,True
1992,3,False,Penn State,89.25,1,True
1992,4,False,Iowa State,72.25,0,True
1992,5,False,Ohio State,64.5,1,True
1992,6,False,Arizona State,63,0,True
1992,7,False,Wisconsin,34.25,1,True
1992,8,False,Clarion,33.5,1,True
1992,9,False,North Carolina State,33.25,0,True
1992,10,False,Northern Iowa,28.75,0,True
1993,1,False,Iowa,123.75,2,True
1993,2,False,Penn State,87.5,0,True
1993,3,False,Nebraska,79.5,1,True
1993,4,False,Arizona State,72.5,2,True
1993,5,False,Ohio State,64,2,True
1993,6,False,Iowa State,58.25,0,True
1993,7,False,North Carolina State,38.5,1,True
1993,8,False,Fresno State,37.75,0,True
1993,9,False,Minnesota,36.5,0,True
1993,10,False,Cornell,35,0,True
1994,1,False,Oklahoma State,94.75,3,True
1994,2,False,Iowa,76.5,2,True
1994,3,False,Penn State,57,1,True
1994,4,False,Oregon State,49.5,0,True
1994,5,False,Michigan,41,0,True
1994,6,False,North Carolina,39,1,True
1994,7,False,Clemson,37.75,1,True
1994,8,True,Oklahoma,36,0,True
1994,8,True,Arizona State,36,0,True
1994,10,False,Iowa State,32.75,0,True
1995,1,False,Iowa,134,1,True
1995,2,False,Oregon State,77.5,1,True
1995,3,False,Michigan State,69.5,1,True
1995,4,False,Arizona State,65.5,1,True
1995,5,False,Penn State,60.5,1,True
1995,6,False,Nebraska,60,1,True
1995,7,False,Oklahoma State,55.5,1,True
1995,8,False,North Carolina,54.5,1,True
1995,9,False,Illinois,52.5,2,True
1995,10,False,Oklahoma,51.5,0,True
1996,1,False,Iowa,122.5,3,True
1996,2,False,Iowa State,78.5,1,True
1996,3,False,Cal State-Bakersfield,66,0,True
1996,4,False,Penn State,65,1,True
1996,5,False,Nebraska,61,0,True
1996,6,False,Oklahoma State,54.5,0,True
1996,7,False,Michigan State,53.5,0,True
1996,8,False,Oregon State,48.5,1,True
1996,9,False,Michigan,47,0,True
1996,10,False,Arizona State,45,0,True
1997,1,False,Iowa,170,5,True
1997,2,False,Oklahoma State,113.5,2,True
1997,3,False,Minnesota,71,0,True
1997,4,False,Iowa State,70,1,True
1997,5,False,Lock Haven,54,1,True
1997,6,False,Edinboro,45,0,True
1997,7,False,Oklahoma,44.5,0,True
1997,8,False,Cal State-Bakersfield,43.5,0,True
1997,9,False,Illinois,42.5,0,True
1997,10,False,Penn State,40,1,True
1998,1,False,Iowa,115,3,True
1998,2,False,Minnesota,102,1,True
1998,3,False,Oklahoma State,99.5,2,True
1998,4,False,Penn State,70.5,0,True
1998,5,False,Central Michigan,53,0,True
1998,6,False,Iowa State,49.5,0,True
1998,7,True,West Virginia,48,0,True
1998,7,True,Illinois,48,1,True
1998,9,True,Oregon State,43.5,0,True
1998,9,True,Ohio University,43.5,1,True
1999,1,False,Iowa,100.5,2,True
1999,2,False,Minnesota,98.5,1,True
1999,3,False,Oklahoma State,84,1,True
1999,4,True,Penn State,78.5,1,True
1999,4,True,Iowa State,78.5,1,True
1999,6,False,Oklahoma,73.5,0,True
1999,7,False,Central Michigan,67.5,1,True
1999,8,False,Cal State-Bakersfield,58.5,1,True
1999,9,False,West Virginia,54,0,True
1999,10,False,Boise State,46.5,1,True
2000,1,False,Iowa,116,1,True
2000,2,False,Iowa State,109.5,1,True
2000,3,False,Minnesota,80,1,True
2000,4,False,Oklahoma,69.5,1,True
2000,5,False,Oklahoma State,66.5,0,True
2000,6,False,Illinois,59.5,1,True
2000,7,False,Lehigh,46.5,0,True
2000,8,False,Nebraska,45.5,1,True
2000,9,True,Wisconsin,44,1,True
2000,9,True,Pennsylvania,44,1,True
2001,1,False,Minnesota,138.5,0,True
2001,2,False,Iowa,125.5,2,True
2001,3,False,Oklahoma State,115.5,1,True
2001,4,False,Oklahoma,93.5,1,True
2001,5,False,Illinois,89,2,True
2001,6,False,Iowa State,66.5,1,True
2001,7,False,Michigan,65.5,0,True
2001,8,False,Nebraska,52.5,0,True
2001,9,False,Arizona State,48,0,True
2001,10,True,Wisconsin,47,1,True
2001,10,True,Boise State,47,0,True
2002,1,False,Minnesota,126.5,2,True
2002,2,False,Iowa State,104,3,True
2002,3,False,Oklahoma,101.5,0,True
2002,4,False,Iowa,89,0,True
2002,5,False,Oklahoma State,82.5,1,True
2002,6,False,Ohio State,64.5,1,True
2002,7,False,Lehigh,61.5,1,True
2002,8,False,Nebraska,54,0,True
2002,9,False,Michigan,51,0,True
2002,10,False,Illinois,47.5,0,True
2003,1,False,Oklahoma State,143,2,True
2003,2,False,Minnesota,104.5,1,True
2003,3,False,Oklahoma,78,2,True
2003,4,False,Lehigh,69,0,True
2003,5,False,Arizona State,65,1,True
2003,6,False,Penn State,62,0,True
2003,7,False,Michigan,58,1,True
2003,8,False,Iowa,57.5,1,True
2003,9,False,Illinois,53,1,True
2003,10,False,Cornell,52,1,True
2004,1,False,Oklahoma State,123.5,1,True
2004,2,False,Iowa,82,1,True
2004,3,True,Ohio State,77.5,1,True
2004,3,True,Lehigh,77.5,1,True
2004,5,False,Nebraska,74,1,True
2004,6,False,Iowa State,70,1,True
2004,7,False,Illinois,69.5,0,True
2004,8,False,Minnesota,65.5,1,True
2004,9,False,Oklahoma,62.5,0,True
2004,10,False,Michigan,60.5,0,True
2005,1,False,Oklahoma State,153,5,True
2005,2,False,Michigan,83,1,True
2005,3,False,Oklahoma,77.5,1,True
2005,4,False,Cornell,76.5,1,True
2005,5,False,Minnesota,72.5,0,True
2005,6,False,Illinois,70.5,0,True
2005,7,False,Iowa,66,0,True
2005,8,False,Lehigh,60,0,True
2005,9,False,Indiana,58.5,1,True
2005,10,False,Iowa State,57,0,True
2006,1,False,Oklahoma State,122.5,2,True
2006,2,False,Minnesota,84,2,True
2006,3,False,Oklahoma,80.5,0,True
2006,4,False,Iowa,70,0,True
2006,5,False,Cornell,62,0,True
2006,6,False,Arizona State,61.5,0,True
2006,7,False,Michigan,57.5,0,True
2006,8,False,Edinboro,56,0,True
2006,9,True,Penn State,53.5,0,True
2006,9,True,Lehigh,53.5,0,True
2007,1,False,Minnesota,98,1,True
2007,2,False,Iowa State,88.5,1,True
2007,3,False,Missouri,80,1,True
2007,4,False,Northwestern,71.5,1,True
2007,5,False,Oklahoma State,69,0,True
2007,6,False,Michigan,62,0,True
2007,7,False,Hofstra,60.5,0,True
2007,8,False,Iowa,57,1,True
2007,9,False,Edinboro,56,1,True
2007,10,False,Ohio State,54.5,0,True
2008,1,False,Iowa,117.5,2,True
2008,2,False,Ohio State,79,2,True
2008,3,False,Penn State,75,1,True
2008,4,False,Nebraska,74,0,True
2008,5,True,Oklahoma State,72,1,True
2008,5,True,Iowa State,72,0,True
2008,7,True,Michigan,69,0,True
2008,7,True,Central Michigan,69,0,True
2008,9,False,Cornell,63,1,True
2008,10,False,Minnesota,61.5,0,True
2009,1,False,Iowa,96.5,0,True
2009,2,False,Ohio State,92,1,True
2009,3,False,Iowa State,84.5,1,True
2009,4,False,Nebraska,78.5,1,True
2009,5,False,Cornell,73.5,1,True
2009,6,False,Edinboro,72,1,True
2009,7,False,Missouri,68,1,True
2009,8,False,Illinois,55,0,True
2009,9,False,Wisconsin,53,0,True
2009,10,False,Maryland,47.5,0,True
2010,1,False,Iowa,134.5,3,True
2010,2,False,Cornell,90,1,True
2010,3,False,Iowa State,75,2,True
2010,4,False,Wisconsin,70.5,1,True
2010,5,False,Oklahoma,69,0,True
2010,6,False,Oklahoma State,65,0,True
2010,7,False,Minnesota,63,1,True
2010,8,False,Ohio State,62,0,True
2010,9,False,Penn State,49,0,True
2010,10,False,Missouri,48,1,True
2011,1,False,Penn State,107.5,1,True
2011,2,False,Cornell,93.5,1,True
2011,3,False,Iowa,86.5,0,True
2011,4,False,Oklahoma State,70.5,1,True
2011,5,False,American,65,0,True
2011,6,False,Arizona State,62.5,2,True
2011,7,False,Minnesota,61,0,True
2011,8,False,Lehigh,58.5,1,True
2011,9,False,Boise State,57.5,0,True
2011,10,False,Wisconsin,54.5,0,True
2012,1,False,Penn State,143,3,True
2012,2,False,Minnesota,117.5,1,True
2012,3,False,Iowa,107.5,1,True
2012,4,False,Cornell,102.5,3,True
2012,5,False,Ohio State,68.5,1,True
2012,6,False,Oklahoma State,66,0,True
2012,7,False,Illinois,62,0,True
2012,8,False,Lehigh,61,0,True
2012,9,False,Northwestern,42.5,0,True
2012,10,False,Oregon State,40.5,0,True
2013,1,False,Penn State,123.5,2,True
2013,2,False,Oklahoma State,119.5,2,True
2013,3,False,Minnesota,110.5,1,True
2013,4,False,Iowa,73,1,True
2013,5,False,Cornell,65,1,True
2013,6,False,Ohio State,59.5,1,True
2013,7,False,Missouri,56.5,0,True
2013,8,False,Oregon State,48.5,0,True
2013,9,False,Illinois,45.5,1,True
2013,10,False,Virginia Tech,43.5,0,True
2014,1,False,Penn State,109.5,2,True
2014,2,False,Minnesota,104,0,True
2014,3,False,Oklahoma State,96.5,2,True
2014,4,False,Iowa,78.5,1,True
2014,5,False,Edinboro,62,0,True
2014,6,False,Ohio State,57,1,True
2014,7,False,Cornell,53,0,True
2014,8,False,Virginia Tech,49,0,True
2014,9,False,Northern Iowa,46,0,True
2014,10,False,Oklahoma,45,0,True
2015,1,False,Ohio State,102,2,True
2015,2,False,Iowa,84,0,True
2015,3,False,Edinboro,75.5,0,True
2015,4,False,Missouri,73.5,1,True
2015,5,False,Cornell,71.5,1,True
2015,6,False,Penn State,67.5,1,True
2015,7,False,Oklahoma State,65,0,True
2015,8,False,Minnesota,59.5,0,True
2015,9,False,Nebraska,59,0,True
2015,10,False,Virginia Tech,56,0,True
2016,1,False,Penn State,123,2,True
2016,2,False,Oklahoma State,97.5,2,True
2016,3,False,Ohio State,86,2,True
2016,4,False,Virginia Tech,82,0,True
2016,5,False,Iowa,81,0,True
2016,6,False,Missouri,74.5,1,True
2016,7,False,Cornell,67,2,True
2016,8,False,Nebraska,58,0,True
2016,9,True,Michigan,50.5,0,True
2016,9,True,Illinois,50.5,1,True
