pair_id,status,approved,reason,gender,season,gap_days,name_similar,shared_bouts,shared_specific,conflicts,overlap_pct,event_a,date_a,n_bouts_a,event_b,date_b,n_bouts_b
5,rejected,no,as many conflicting results as matching ones,boys,2013,1,yes,3,2,5,9.1,Dragon Invitational,2013-01-18,33,Dragon Invitational,2013-01-19,222
9,rejected,no,"one is a dual, the other a tournament, and no identical-proof bouts",boys,2013,1,no,2,0,0,14.3,Fern Creek Gladiator Day 2,2012-12-29,29,vs. Seneca,2012-12-28,14
15,rejected,no,shared bouts have different real results (times/scores differ),boys,2013,14,yes,1,0,3,3.1,vs. North Oldham,2012-11-24,42,vs. North Oldham,2012-12-08,32
16,rejected,no,shared bouts have different real results (times/scores differ),boys,2013,14,yes,1,1,3,4.3,vs. Caldwell County,2012-12-01,25,vs. Caldwell County,2012-12-15,23
17,rejected,no,shared bouts have different real results (times/scores differ),boys,2013,14,yes,1,1,1,20.0,vs. Holy Cross (Louisville),2012-12-01,5,vs. Holy Cross (Louisville),2012-12-15,7
18,rejected,no,shared bouts have different real results (times/scores differ),boys,2013,9,yes,1,0,2,6.2,vs. Trigg County,2012-12-06,16,vs. Trigg County,2012-12-15,28
19,rejected,no,shared bouts have different real results (times/scores differ),boys,2013,1,no,1,1,1,4.0,JCTC,2013-01-04,55,Jeff Co. Tournament of Champions,2013-01-05,25
20,rejected,no,shared bouts have different real results (times/scores differ),boys,2013,6,yes,1,1,3,5.0,vs. Chesapeake,2013-01-05,20,vs. Chesapeake,2013-01-11,20
21,rejected,no,shared bouts have different real results (times/scores differ),boys,2013,3,yes,1,1,1,16.7,vs. Desales,2013-01-09,10,vs. Desales,2013-01-12,6
22,rejected,no,shared bouts have different real results (times/scores differ),boys,2013,1,yes,1,1,1,2.0,WSAZ,2013-01-19,125,WSAZ Invitational (WV),2013-01-18,51
23,rejected,no,shared bouts have different real results (times/scores differ),boys,2013,1,yes,1,1,2,3.7,Dragon Inv.,2013-01-19,27,Dragon Invitational,2013-01-18,33
24,rejected,no,shared bouts have different real results (times/scores differ),boys,2013,1,yes,1,1,1,5.6,Dragon Invitation,2013-01-19,18,Dragon Invitational,2013-01-18,33
25,rejected,no,shared bouts have different real results (times/scores differ),boys,2013,7,yes,0,0,3,0.0,vs. Danville,2012-11-24,22,vs. Danville,2012-12-01,13
26,rejected,no,shared bouts have different real results (times/scores differ),boys,2013,4,yes,0,0,4,0.0,vs. Paducah Tilghman,2012-11-27,9,vs. Paducah Tilghman,2012-12-01,10
27,rejected,no,shared bouts have different real results (times/scores differ),boys,2013,7,yes,0,0,4,0.0,vs. Scott County,2012-12-01,17,vs. Scott County,2012-12-08,15
28,rejected,no,shared bouts have different real results (times/scores differ),boys,2013,14,yes,0,0,2,0.0,vs. Campbell County,2012-12-01,18,vs. Campbell County,2012-12-15,24
29,rejected,no,shared bouts have different real results (times/scores differ),boys,2013,3,yes,0,0,4,0.0,vs. North Oldham,2012-12-12,20,vs. North Oldham,2012-12-15,35
30,rejected,no,shared bouts have different real results (times/scores differ),boys,2013,5,yes,0,0,4,0.0,vs. La Rue County,2012-12-15,37,vs. La Rue County,2012-12-20,23
31,rejected,no,shared bouts have different real results (times/scores differ),boys,2013,7,yes,0,0,2,0.0,Lafayette Open,2012-12-22,44,vs. Lafayette,2012-12-15,21
32,rejected,no,shared bouts have different real results (times/scores differ),boys,2013,8,yes,0,0,3,0.0,vs. William Blount,2012-12-27,23,vs. William Blount,2013-01-04,9
33,rejected,no,shared bouts have different real results (times/scores differ),boys,2013,1,no,0,0,2,0.0,Christian Co.,2012-12-28,15,Toyota of Hopkinsville Christian County Invitational,2012-12-29,35
34,rejected,no,shared bouts have different real results (times/scores differ),boys,2013,1,no,0,0,2,0.0,Gladiator,2012-12-29,45,vs. Central,2012-12-28,23
35,rejected,no,shared bouts have different real results (times/scores differ),boys,2013,1,no,0,0,3,0.0,Fern Creek Gladiator Tournament,2012-12-29,43,vs. Fairdale,2012-12-28,11
36,rejected,no,shared bouts have different real results (times/scores differ),boys,2013,1,no,0,0,2,0.0,Gladiator Individual,2012-12-29,30,vs. Pleasure Ridge Park,2012-12-28,18
37,rejected,no,shared bouts have different real results (times/scores differ),boys,2013,8,yes,0,0,2,0.0,vs. Fairland,2013-01-03,7,vs. Fairland,2013-01-11,12
38,rejected,no,shared bouts have different real results (times/scores differ),boys,2013,5,yes,0,0,2,0.0,vs. Paducah Tilghman,2013-01-05,7,vs. Paducah Tilghman,2013-01-10,12
39,rejected,no,shared bouts have different real results (times/scores differ),boys,2013,7,yes,0,0,3,0.0,vs. Sheldon Clark,2013-01-05,8,vs. Sheldon Clark,2013-01-12,17
40,rejected,no,shared bouts have different real results (times/scores differ),boys,2013,6,yes,0,0,2,0.0,vs. Spring Valley,2013-01-05,17,vs. Spring Valley,2013-01-11,16
41,rejected,no,shared bouts have different real results (times/scores differ),boys,2013,1,yes,0,0,5,0.0,vs. Ashland Blazer,2013-01-11,13,vs. Ashland Blazer,2013-01-12,12
42,rejected,no,shared bouts have different real results (times/scores differ),boys,2013,11,yes,0,0,4,0.0,vs. Taylor County,2013-01-12,29,vs. Taylor County,2013-01-23,19
43,rejected,no,shared bouts have different real results (times/scores differ),boys,2013,2,no,0,0,2,0.0,Laker Invitational,2013-01-26,56,vs. Trigg County,2013-01-24,8
44,rejected,no,shared bouts have different real results (times/scores differ),boys,2013,3,no,0,0,3,0.0,Fort Knox Invitational,2013-01-26,201,vs. Taylor County,2013-01-23,19
45,rejected,no,shared bouts have different real results (times/scores differ),boys,2013,3,no,0,0,2,0.0,Fort Knox Invitational,2013-01-26,201,vs. Doss,2013-01-23,12
46,rejected,no,shared bouts have different real results (times/scores differ),boys,2013,3,no,0,0,3,0.0,Calloway County Invitational @ Calloway,2013-01-26,25,vs. Graves County,2013-01-29,9
47,rejected,no,shared bouts have different real results (times/scores differ),boys,2013,1,yes,0,0,2,0.0,vs. Whitley County,2013-01-30,10,vs. Whitley County,2013-01-31,9
48,rejected,no,shared bouts have different real results (times/scores differ),boys,2013,1,yes,0,0,3,0.0,vs. Whitley County,2013-02-01,6,vs. Whitley County,2013-02-02,11
49,rejected,yes,shared bouts have different real results (times/scores differ),boys,2013,1,no,0,0,2,0.0,KHSAA Region 1,2013-02-09,220,Regionals,2013-02-08,10
52,rejected,no,as many conflicting results as matching ones,boys,2014,7,yes,11,11,15,33.3,KHSAA Region 8,2014-02-08,35,Region 8 Tournament,2014-02-15,33
54,rejected,no,as many conflicting results as matching ones,boys,2014,7,yes,5,4,6,16.1,Mustang Classic,2014-02-08,205,Mustang Classic Matches,2014-02-01,31
56,rejected,no,"one is a dual, the other a tournament, and no identical-proof bouts",boys,2014,3,no,3,0,0,12.0,Charger Fall Brawl,2013-11-30,29,vs. North Oldham,2013-12-03,25
57,rejected,no,as many conflicting results as matching ones,boys,2014,1,no,3,1,3,18.8,vs. Oldham County,2013-12-20,16,vs. Wayne County,2013-12-21,17
58,rejected,no,"one is a dual, the other a tournament, and no identical-proof bouts",boys,2014,1,no,2,0,0,25.0,Johnson Central,2013-12-13,8,vs. Sheldon Clark,2013-12-14,9
59,rejected,no,as many conflicting results as matching ones,boys,2014,4,yes,2,0,2,18.2,vs. Taylor County,2013-12-14,32,vs. Taylor County,2013-12-18,11
61,rejected,no,"one is a dual, the other a tournament, and no identical-proof bouts",boys,2014,1,no,2,0,0,5.0,Fern Creek Gladiator Tournament,2014-01-04,382,vs. Spencer County,2014-01-03,40
64,rejected,no,"one is a dual, the other a tournament, and no identical-proof bouts",boys,2014,2,yes,2,0,0,40.0,Perry Central Invitational Tournament,2014-02-08,18,vs. Perry County Central,2014-02-06,5
65,rejected,no,different events 3 days apart with no identical-proof bouts,boys,2014,3,no,2,0,0,40.0,Perry Central Invitational Tournament,2014-02-08,18,Pike Central Wrestling Matches,2014-02-11,5
66,rejected,no,shared bouts have different real results (times/scores differ),boys,2014,6,yes,1,1,4,10.0,vs. Meade County,2013-12-21,65,vs. Meade County,2013-12-27,10
67,rejected,no,shared bouts have different real results (times/scores differ),boys,2014,1,no,1,0,1,6.2,Fern Creek Gladiator Tournament,2014-01-04,382,vs. South Oldham,2014-01-03,16
68,rejected,no,shared bouts have different real results (times/scores differ),boys,2014,7,yes,0,0,2,0.0,vs. Whitley County,2013-11-30,35,vs. Whitley County,2013-12-07,36
69,rejected,no,shared bouts have different real results (times/scores differ),boys,2014,10,yes,0,0,5,0.0,vs. East Ridge,2013-12-07,8,vs. East Ridge,2013-12-17,7
70,rejected,no,shared bouts have different real results (times/scores differ),boys,2014,10,yes,0,0,2,0.0,vs. Phelps,2013-12-07,3,vs. Phelps,2013-12-17,3
71,rejected,no,shared bouts have different real results (times/scores differ),boys,2014,3,yes,0,0,2,0.0,vs. Taylor County,2013-12-11,19,vs. Taylor County,2013-12-14,32
72,rejected,no,shared bouts have different real results (times/scores differ),boys,2014,3,yes,0,0,3,0.0,vs. Fort Knox,2013-12-14,16,vs. Fort Knox,2013-12-17,11
73,rejected,no,shared bouts have different real results (times/scores differ),boys,2014,9,yes,0,0,3,0.0,vs. Simon Kenton,2013-12-14,44,vs. Simon Kenton,2013-12-23,23
74,rejected,no,shared bouts have different real results (times/scores differ),boys,2014,2,yes,0,0,5,0.0,vs. Meade County,2013-12-21,65,vs. Meade County,2013-12-23,40
75,rejected,no,shared bouts have different real results (times/scores differ),boys,2014,1,no,0,0,2,0.0,vs. Fort Knox,2013-12-21,20,vs. Oldham County,2013-12-20,16
76,rejected,no,shared bouts have different real results (times/scores differ),boys,2014,3,no,0,0,2,0.0,Christian County Invitational JV,2013-12-27,8,Ft. Campbell JV,2013-12-30,7
77,rejected,no,shared bouts have different real results (times/scores differ),boys,2014,9,yes,0,0,3,0.0,Mater Dei Holiday Classic,2013-12-27,114,vs. Mater Dei,2013-12-18,13
78,rejected,no,shared bouts have different real results (times/scores differ),boys,2014,1,yes,0,0,3,0.0,Fern Creek Gladiator Tournament,2014-01-04,382,vs. Fern Creek,2014-01-03,13
79,rejected,no,shared bouts have different real results (times/scores differ),boys,2014,1,no,0,0,4,0.0,Fern Creek Gladiator Tournament,2014-01-04,382,vs. Walton Verona,2014-01-03,27
80,rejected,no,shared bouts have different real results (times/scores differ),boys,2014,1,no,0,0,4,0.0,Fern Creek Gladiator Tournament,2014-01-04,382,vs. Fairdale,2014-01-03,40
81,rejected,no,shared bouts have different real results (times/scores differ),boys,2014,10,yes,0,0,2,0.0,vs. Livingston Academy,2014-01-04,6,vs. Livingston Academy,2014-01-14,4
82,rejected,no,shared bouts have different real results (times/scores differ),boys,2014,14,yes,0,0,2,0.0,vs. Franklin County,2014-01-04,24,vs. Franklin County,2014-01-18,8
83,rejected,no,shared bouts have different real results (times/scores differ),boys,2014,7,yes,0,0,2,0.0,vs. Logan,2014-01-04,7,vs. Logan,2014-01-11,4
84,rejected,no,shared bouts have different real results (times/scores differ),boys,2014,2,yes,0,0,3,0.0,vs. Christian County,2014-01-09,11,vs. Christian County,2014-01-11,8
85,rejected,no,shared bouts have different real results (times/scores differ),boys,2014,11,yes,0,0,2,0.0,vs. Central Hardin,2014-01-11,33,vs. Central Hardin,2014-01-22,16
86,rejected,no,shared bouts have different real results (times/scores differ),boys,2014,3,yes,0,0,2,0.0,vs. Iroquois,2014-01-15,10,vs. Iroquois,2014-01-18,21
87,rejected,no,shared bouts have different real results (times/scores differ),boys,2014,9,yes,0,0,3,0.0,vs. Union County,2014-01-16,17,vs. Union County,2014-01-25,11
88,rejected,no,shared bouts have different real results (times/scores differ),boys,2014,14,yes,0,0,3,0.0,vs. Henry Clay,2014-01-18,22,vs. Henry Clay,2014-02-01,25
89,rejected,no,shared bouts have different real results (times/scores differ),boys,2014,3,no,0,0,2,0.0,vs. McCracken County,2014-01-28,8,vs. Paducah Tilghman,2014-01-31,7
90,rejected,no,shared bouts have different real results (times/scores differ),boys,2014,3,yes,0,0,5,0.0,vs. Bullitt East,2014-01-29,22,vs. Bullitt East,2014-02-01,28
91,rejected,no,shared bouts have different real results (times/scores differ),boys,2014,1,yes,0,0,4,0.0,vs. Whitley County,2014-02-04,10,vs. Whitley County,2014-02-05,16
92,rejected,yes,shared bouts have different real results (times/scores differ),boys,2014,7,yes,0,0,3,0.0,KHSAA Region 2,2014-02-08,16,KHSAA Region 2,2014-02-15,205
97,rejected,no,as many conflicting results as matching ones,boys,2015,1,no,3,3,6,23.1,vs. Central,2014-12-05,16,vs. Pleasure Ridge Park,2014-12-06,13
99,rejected,no,"one is a dual, the other a tournament, and no identical-proof bouts",boys,2015,3,no,2,0,0,9.5,King of the Bluegrass,2014-12-13,186,vs. Valley,2014-12-10,21
100,rejected,no,as many conflicting results as matching ones,boys,2015,8,yes,2,0,3,14.3,vs. Whitley County,2014-12-26,17,vs. Whitley County,2015-01-03,14
101,rejected,no,as many conflicting results as matching ones,boys,2015,1,yes,2,2,2,4.5,Christian County Invitational,2014-12-30,150,Christian County JV Invitational,2014-12-29,44
102,rejected,no,as many conflicting results as matching ones,boys,2015,2,yes,2,2,7,22.2,vs. jeffersontown,2015-01-02,9,vs. Jeffersontown,2015-01-04,14
104,rejected,no,different events 2 days apart with no identical-proof bouts,boys,2015,2,no,2,0,0,15.4,fairland quad,2015-02-05,13,Phil Davis Duals,2015-02-07,47
105,rejected,no,shared bouts have different real results (times/scores differ),boys,2015,12,yes,1,0,2,8.3,vs. La Rue County,2014-12-10,12,vs. La Rue County,2014-12-22,39
106,rejected,no,shared bouts have different real results (times/scores differ),boys,2015,14,yes,1,0,1,25.0,vs. Sheldon Clark,2014-12-20,17,vs. Sheldon Clark,2015-01-03,4
107,rejected,no,shared bouts have different real results (times/scores differ),boys,2015,1,no,1,0,4,2.6,Gladiator Tournament,2015-01-03,319,vs. Trinity (Louisville),2015-01-02,39
108,rejected,no,shared bouts have different real results (times/scores differ),boys,2015,1,no,1,1,3,3.4,Gladiator,2015-01-03,47,vs. South Oldham,2015-01-02,29
109,rejected,no,shared bouts have different real results (times/scores differ),boys,2015,9,yes,1,1,1,10.0,vs. Pike County Central,2015-01-08,10,vs. Pike County Central,2015-01-17,14
110,rejected,no,shared bouts have different real results (times/scores differ),boys,2015,4,yes,1,1,2,12.5,North Hardin Trojan Invitational,2015-01-10,203,vs. North Hardin,2015-01-14,8
111,rejected,no,shared bouts have different real results (times/scores differ),boys,2015,3,yes,1,1,3,12.5,vs. North Hardin,2015-01-14,8,vs. North Hardin,2015-01-17,16
112,rejected,no,shared bouts have different real results (times/scores differ),boys,2015,7,yes,1,0,1,4.2,vs. Madison Central,2015-01-31,25,vs. Madison Central,2015-02-07,24
113,rejected,no,shared bouts have different real results (times/scores differ),boys,2015,7,yes,0,0,3,0.0,vs. North Oldham,2014-11-29,21,vs. North Oldham,2014-12-06,26
114,rejected,no,shared bouts have different real results (times/scores differ),boys,2015,14,yes,0,0,2,0.0,vs. Desales,2014-12-03,19,vs. Desales,2014-12-17,8
115,rejected,no,shared bouts have different real results (times/scores differ),boys,2015,2,yes,0,0,2,0.0,vs. Evansville Central,2014-12-04,17,vs. Evansville Central,2014-12-06,11
116,rejected,no,shared bouts have different real results (times/scores differ),boys,2015,12,yes,0,0,2,0.0,vs. Ohio County,2014-12-06,14,vs. Ohio County,2014-12-18,9
117,rejected,no,shared bouts have different real results (times/scores differ),boys,2015,13,yes,0,0,2,0.0,vs. North Posey,2014-12-06,11,vs. North Posey,2014-12-19,26
118,rejected,no,shared bouts have different real results (times/scores differ),boys,2015,4,yes,0,0,5,0.0,vs. Wayne County,2014-12-22,59,vs. Wayne County,2014-12-26,17
119,rejected,no,shared bouts have different real results (times/scores differ),boys,2015,8,yes,0,0,3,0.0,vs. Wayne County,2014-12-26,17,vs. Wayne County,2015-01-03,8
120,rejected,no,shared bouts have different real results (times/scores differ),boys,2015,7,yes,0,0,2,0.0,vs. Dupont Manual,2014-12-27,12,vs. Dupont Manual,2015-01-03,10
121,rejected,no,shared bouts have different real results (times/scores differ),boys,2015,5,yes,0,0,3,0.0,vs. Ohio County,2015-01-03,31,vs. Ohio County,2015-01-08,15
122,rejected,no,shared bouts have different real results (times/scores differ),boys,2015,7,yes,0,0,2,0.0,vs. Wayne County,2015-01-03,8,vs. Wayne County,2015-01-10,32
123,rejected,no,shared bouts have different real results (times/scores differ),boys,2015,12,yes,0,0,2,0.0,vs. Union County,2015-01-03,48,vs. Union County,2015-01-15,16
124,rejected,no,shared bouts have different real results (times/scores differ),boys,2015,1,no,0,0,2,0.0,Gladiator Tournament,2015-01-03,319,vs. Western,2015-01-04,6
125,rejected,no,shared bouts have different real results (times/scores differ),boys,2015,1,no,0,0,4,0.0,Gladiator Tournament,2015-01-03,319,vs. Pleasure Ridge Park,2015-01-04,7
126,rejected,no,shared bouts have different real results (times/scores differ),boys,2015,1,no,0,0,2,0.0,Gladiator,2015-01-03,47,vs. Spencer County,2015-01-02,5
127,rejected,no,shared bouts have different real results (times/scores differ),boys,2015,7,yes,0,0,2,0.0,vs. Scott County,2015-01-07,13,vs. Scott County,2015-01-14,8
128,rejected,no,shared bouts have different real results (times/scores differ),boys,2015,9,yes,0,0,3,0.0,vs. Pikeville,2015-01-08,11,vs. Pikeville,2015-01-17,7
129,rejected,no,shared bouts have different real results (times/scores differ),boys,2015,12,yes,0,0,2,0.0,vs. Northeast,2015-01-10,12,vs. Northeast,2015-01-22,34
130,rejected,no,shared bouts have different real results (times/scores differ),boys,2015,7,yes,0,0,3,0.0,vs. Pike County Central,2015-01-10,18,vs. Pike County Central,2015-01-17,14
131,rejected,no,shared bouts have different real results (times/scores differ),boys,2015,3,no,0,0,2,0.0,Jaguar Jungle Classic,2015-01-10,89,vs. Grant County,2015-01-07,5
132,rejected,no,shared bouts have different real results (times/scores differ),boys,2015,3,yes,0,0,4,0.0,vs. Dupont Manual,2015-01-14,9,vs. Dupont Manual,2015-01-17,17
133,rejected,no,shared bouts have different real results (times/scores differ),boys,2015,9,yes,0,0,3,0.0,Hopkinsville Classic,2015-01-17,117,vs. Hopkinsville,2015-01-08,17
134,rejected,no,shared bouts have different real results (times/scores differ),boys,2015,7,yes,0,0,3,0.0,Pike Central Tournament,2015-01-17,17,vs. Pike County Central,2015-01-10,18
135,rejected,no,shared bouts have different real results (times/scores differ),boys,2015,12,yes,0,0,4,0.0,vs. Walton Verona,2015-01-24,52,vs. Walton Verona,2015-02-05,15
136,rejected,no,shared bouts have different real results (times/scores differ),boys,2015,12,yes,0,0,2,0.0,vs. Whitley County,2015-01-24,18,vs. Whitley County,2015-02-05,10
137,rejected,no,shared bouts have different real results (times/scores differ),boys,2015,11,yes,0,0,4,0.0,vs. North College Hill,2015-01-27,13,vs. North College Hill,2015-02-07,46
138,rejected,no,shared bouts have different real results (times/scores differ),boys,2015,7,yes,0,0,2,0.0,vs. Simon Kenton,2015-01-31,33,vs. Simon Kenton,2015-02-07,25
139,rejected,no,shared bouts have different real results (times/scores differ),boys,2015,14,yes,0,0,2,0.0,Hawk Classic @ Pike Central,2015-01-31,108,Pike Central Tournament,2015-01-17,17
144,rejected,no,"one is a dual, the other a tournament, and no identical-proof bouts",boys,2016,1,no,3,0,0,13.6,McDonald`s Classic Semi and Finals,2015-12-12,64,vs. Central (Wise),2015-12-11,22
145,rejected,no,as many conflicting results as matching ones,boys,2016,1,no,3,1,6,30.0,McDonald`s Classic Semi and Finals,2015-12-12,64,vs. Harrison County,2015-12-11,10
146,rejected,no,as many conflicting results as matching ones,boys,2016,3,yes,2,0,5,15.4,vs. Desales,2015-12-02,13,vs. Desales,2015-12-05,20
147,rejected,no,as many conflicting results as matching ones,boys,2016,5,yes,2,0,5,8.0,vs. Whitley County,2015-12-28,55,vs. Whitley County,2016-01-02,25
149,rejected,no,"one is a dual, the other a tournament, and no identical-proof bouts",boys,2016,2,no,2,0,0,28.6,vs. Dixie Heights,2016-01-28,7,Western Hills Invitational,2016-01-30,176
150,rejected,no,"one is a dual, the other a tournament, and no identical-proof bouts",boys,2016,2,no,2,0,0,25.0,letcher county central,2016-02-06,13,vs. Pikeville,2016-02-04,8
151,rejected,no,shared bouts have different real results (times/scores differ),boys,2016,6,yes,1,0,1,2.3,vs. Wayne County,2015-12-22,64,vs. Wayne County,2015-12-28,44
152,rejected,no,shared bouts have different real results (times/scores differ),boys,2016,3,no,1,0,1,3.8,Toyota of Hopkinsville Christian County Invitational,2015-12-30,191,vs. McCracken County,2016-01-02,26
153,rejected,no,shared bouts have different real results (times/scores differ),boys,2016,3,no,1,0,4,2.2,Toyota of Hopkinsville Christian County Invitational,2015-12-30,191,vs. Owensboro,2016-01-02,46
154,rejected,no,shared bouts have different real results (times/scores differ),boys,2016,14,yes,1,0,1,5.6,Tiger Tournament @ Hopkinsville,2016-01-16,196,vs. Hopkinsville,2016-01-02,18
155,rejected,no,shared bouts have different real results (times/scores differ),boys,2016,3,yes,0,0,3,0.0,vs. Central,2015-12-02,9,vs. Central,2015-12-05,11
156,rejected,no,shared bouts have different real results (times/scores differ),boys,2016,14,yes,0,0,2,0.0,vs. Valley,2015-12-05,42,vs. Valley,2015-12-19,24
157,rejected,no,shared bouts have different real results (times/scores differ),boys,2016,2,yes,0,0,2,0.0,Evansville Reitz 2015 `Hill Classic`,2015-12-05,69,vs. Reitz,2015-12-03,13
158,rejected,no,shared bouts have different real results (times/scores differ),boys,2016,3,no,0,0,2,0.0,Ryle Raider Rumble,2015-12-12,325,vs. Male,2015-12-09,10
159,rejected,no,shared bouts have different real results (times/scores differ),boys,2016,3,yes,0,0,6,0.0,vs. Bullitt East,2015-12-16,9,vs. Bullitt East,2015-12-19,8
160,rejected,no,shared bouts have different real results (times/scores differ),boys,2016,14,yes,0,0,3,0.0,vs. Owensboro,2015-12-19,26,vs. Owensboro,2016-01-02,46
161,rejected,no,shared bouts have different real results (times/scores differ),boys,2016,14,yes,0,0,2,0.0,vs. Paducah Tilghman,2015-12-19,20,vs. Paducah Tilghman,2016-01-02,8
162,rejected,no,shared bouts have different real results (times/scores differ),boys,2016,10,yes,0,0,3,0.0,vs. Christian County,2015-12-23,10,vs. Christian County,2016-01-02,11
163,rejected,no,shared bouts have different real results (times/scores differ),boys,2016,12,yes,0,0,6,0.0,vs. Wayne County,2015-12-28,44,vs. Wayne County,2016-01-09,46
164,rejected,no,shared bouts have different real results (times/scores differ),boys,2016,5,yes,0,0,3,0.0,vs. Wayne County,2015-12-28,44,vs. Wayne County,2016-01-02,11
165,rejected,no,shared bouts have different real results (times/scores differ),boys,2016,3,no,0,0,3,0.0,Toyota of Hopkinsville Christian County Invitational,2015-12-30,191,vs. Trigg County,2016-01-02,24
166,rejected,no,shared bouts have different real results (times/scores differ),boys,2016,3,no,0,0,2,0.0,Toyota of Hopkinsville Christian County Invitational,2015-12-30,191,vs. Ft. Campbell,2016-01-02,42
167,rejected,no,shared bouts have different real results (times/scores differ),boys,2016,7,yes,0,0,4,0.0,vs. Wayne County,2016-01-02,11,vs. Wayne County,2016-01-09,46
168,rejected,no,shared bouts have different real results (times/scores differ),boys,2016,11,yes,0,0,3,0.0,Valley Invitational,2016-01-02,269,vs. Valley,2016-01-13,12
169,rejected,no,shared bouts have different real results (times/scores differ),boys,2016,14,yes,0,0,3,0.0,vs. North Bullitt,2016-01-13,6,vs. North Bullitt,2016-01-27,10
170,rejected,no,shared bouts have different real results (times/scores differ),boys,2016,11,yes,0,0,3,0.0,vs. Central,2016-01-16,9,vs. Central,2016-01-27,9
171,rejected,no,shared bouts have different real results (times/scores differ),boys,2016,11,yes,0,0,2,0.0,vs. Ohio County,2016-01-26,6,vs. Ohio County,2016-02-06,15
172,rejected,no,shared bouts have different real results (times/scores differ),boys,2016,3,yes,0,0,4,0.0,vs. Whitley County,2016-02-01,11,vs. Whitley County,2016-02-04,10
173,rejected,no,shared bouts have different real results (times/scores differ),boys,2016,2,yes,0,0,2,0.0,vs. Pleasure Ridge Park,2016-02-02,3,vs. Pleasure Ridge Park,2016-02-04,4
174,rejected,no,shared bouts have different real results (times/scores differ),boys,2016,1,no,0,0,2,0.0,Letcher Central Tournament,2016-02-06,26,vs. Perry County Central,2016-02-05,6
175,rejected,no,different events 3 days apart with no identical-proof bouts,boys,2017,3,no,4,0,0,20.0,vs. Archbishop McNicholas,2016-12-14,20,vs. Oak Hills (Cincinnati),2016-12-17,23
176,rejected,no,different events 3 days apart with no identical-proof bouts,boys,2017,3,no,3,0,0,75.0,vs. Covington Catholic,2016-12-14,4,vs. Oak Hills (Cincinnati),2016-12-17,23
177,rejected,no,"one is a dual, the other a tournament, and no identical-proof bouts",boys,2017,1,no,3,0,0,18.8,Fern Creek Gladiator Tournament,2016-12-23,409,vs. Evansville F.J. Reitz,2016-12-22,16
180,rejected,no,"one is a dual, the other a tournament, and no identical-proof bouts",boys,2017,3,no,2,0,0,3.6,Lafayatte Five Star Classic 2016,2016-12-17,370,vs. La Rue County,2016-12-20,55
181,rejected,no,"one is a dual, the other a tournament, and no identical-proof bouts",boys,2017,3,no,2,0,0,22.2,Lafayatte Five Star Classic 2016,2016-12-17,370,vs. Danville,2016-12-14,9
182,rejected,no,"one is a dual, the other a tournament, and no identical-proof bouts",boys,2017,1,no,2,0,0,20.0,Fern Creek Gladiator Tournament,2016-12-23,409,vs. Moore,2016-12-22,10
183,rejected,no,"one is a dual, the other a tournament, and no identical-proof bouts",boys,2017,1,no,2,0,0,18.2,Fern Creek Gladiator Tournament,2016-12-23,409,vs. Valley,2016-12-22,11
184,rejected,no,"one is a dual, the other a tournament, and no identical-proof bouts",boys,2017,3,no,2,0,0,25.0,Defender of the Mat 2016-17,2017-01-07,292,vs. Paul Dunbar,2017-01-04,8
185,rejected,no,shared bouts have different real results (times/scores differ),boys,2017,1,no,1,0,3,2.6,Fern Creek Gladiator Tournament,2016-12-23,409,vs. Woodford County,2016-12-22,38
186,rejected,no,shared bouts have different real results (times/scores differ),boys,2017,7,yes,1,1,3,4.2,vs. Ryle,2017-01-04,39,vs. Ryle,2017-01-11,24
187,rejected,no,shared bouts have different real results (times/scores differ),boys,2017,12,yes,0,0,2,0.0,vs. Whitley County,2016-11-26,40,vs. Whitley County,2016-12-08,18
188,rejected,no,shared bouts have different real results (times/scores differ),boys,2017,11,yes,0,0,4,0.0,vs. Pleasure Ridge Park,2016-12-03,31,vs. Pleasure Ridge Park,2016-12-14,9
189,rejected,no,shared bouts have different real results (times/scores differ),boys,2017,10,yes,0,0,2,0.0,vs. Owensboro,2016-12-06,16,vs. Owensboro,2016-12-16,17
190,rejected,no,shared bouts have different real results (times/scores differ),boys,2017,6,yes,0,0,5,0.0,vs. La Rue County,2016-12-14,11,vs. La Rue County,2016-12-20,55
191,rejected,no,shared bouts have different real results (times/scores differ),boys,2017,1,no,0,0,2,0.0,Fern Creek Gladiator Tournament,2016-12-23,409,vs. Boonville,2016-12-22,33
192,rejected,no,shared bouts have different real results (times/scores differ),boys,2017,10,yes,0,0,4,0.0,vs. Union County,2016-12-23,11,vs. Union County,2017-01-02,33
193,rejected,no,shared bouts have different real results (times/scores differ),boys,2017,12,yes,0,0,2,0.0,Valley Wrestling Tournament,2016-12-30,268,vs. Valley,2017-01-11,19
194,rejected,no,shared bouts have different real results (times/scores differ),boys,2017,3,yes,0,0,2,0.0,vs. Harrison County,2017-01-04,15,vs. Harrison County,2017-01-07,9
195,rejected,no,shared bouts have different real results (times/scores differ),boys,2017,6,yes,0,0,4,0.0,vs. Nelson County,2017-01-04,8,vs. Nelson County,2017-01-10,16
196,rejected,no,shared bouts have different real results (times/scores differ),boys,2017,7,yes,0,0,3,0.0,vs. Spencer County,2017-01-04,10,vs. Spencer County,2017-01-11,13
197,rejected,no,shared bouts have different real results (times/scores differ),boys,2017,3,yes,0,0,3,0.0,vs. Montgomery County,2017-01-11,8,vs. Montgomery County,2017-01-14,20
198,rejected,no,shared bouts have different real results (times/scores differ),boys,2017,3,no,0,0,2,0.0,City/County Individual Championships,2017-01-17,37,vs. Owensboro,2017-01-14,27
199,rejected,no,shared bouts have different real results (times/scores differ),boys,2017,2,yes,0,0,4,0.0,vs. Trinity (Whitesville),2017-01-21,21,vs. Trinity (Whitesville),2017-01-23,13
200,rejected,no,shared bouts have different real results (times/scores differ),boys,2017,12,yes,0,0,3,0.0,vs. Trinity (Whitesville),2017-01-23,13,vs. Trinity (Whitesville),2017-02-04,23
203,rejected,no,as many conflicting results as matching ones,boys,2018,11,yes,3,3,4,30.0,vs. Fern Creek,2018-01-13,10,vs. Fern Creek,2018-01-24,10
204,rejected,no,"one is a dual, the other a tournament, and no identical-proof bouts",boys,2018,1,no,2,0,0,13.3,Region Six JV Region,2018-01-10,50,vs. Cooper,2018-01-11,15
205,rejected,no,as many conflicting results as matching ones,boys,2018,6,yes,2,0,2,33.3,vs. North Hardin,2018-01-20,24,vs. North Hardin,2018-01-26,6
206,rejected,no,different events 2 days apart with no identical-proof bouts,boys,2018,2,no,2,0,0,9.5,Jessamine County Clash,2018-01-27,125,JV Region 7,2018-01-25,21
208,rejected,no,"one is a dual, the other a tournament, and no identical-proof bouts",boys,2018,2,no,2,0,0,40.0,Lexington City Tournament,2018-02-03,56,vs. Henry Clay,2018-02-01,5
209,rejected,no,shared bouts have different real results (times/scores differ),boys,2018,13,yes,0,0,5,0.0,vs. Vincennes Lincoln,2017-12-02,12,vs. Vincennes Lincoln,2017-12-15,23
210,rejected,no,shared bouts have different real results (times/scores differ),boys,2018,1,no,0,0,3,0.0,Gladiator Individuals,2017-12-22,291,vs. Evansville F.J. Reitz,2017-12-21,31
211,rejected,no,shared bouts have different real results (times/scores differ),boys,2018,1,no,0,0,3,0.0,Gladiator Individuals,2017-12-22,291,vs. Whitley County,2017-12-21,10
212,rejected,no,shared bouts have different real results (times/scores differ),boys,2018,1,no,0,0,3,0.0,Gladiator Individuals,2017-12-22,291,vs. Spring Valley,2017-12-21,32
213,rejected,no,shared bouts have different real results (times/scores differ),boys,2018,9,yes,0,0,2,0.0,vs. Ryle,2018-01-02,33,vs. Ryle,2018-01-11,33
214,rejected,no,shared bouts have different real results (times/scores differ),boys,2018,9,yes,0,0,3,0.0,vs. Trinity (Whitesville),2018-01-25,12,vs. Trinity (Whitesville),2018-02-03,24
215,rejected,no,shared bouts have different real results (times/scores differ),boys,2018,3,no,0,0,2,0.0,Mustang Classic - North Oldham,2018-02-03,286,vs. Ryle,2018-01-31,20
219,rejected,no,"one is a dual, the other a tournament, and no identical-proof bouts",boys,2019,1,no,2,0,0,13.3,Capital City Classic,2019-01-19,274,vs. Western Hills,2019-01-18,15
222,rejected,no,shared bouts have different real results (times/scores differ),boys,2019,1,no,1,1,4,4.3,Fern Creek Gladiator,2018-12-22,388,vs. Moore,2018-12-21,23
223,rejected,no,shared bouts have different real results (times/scores differ),boys,2019,3,no,1,0,1,8.3,2019 Michael J. Herchenrader Jr. Memorial Tournament,2019-01-19,162,vs. La Rue County,2019-01-22,12
224,rejected,no,shared bouts have different real results (times/scores differ),boys,2019,1,no,1,0,2,3.8,Dragon Invitational,2019-01-19,227,vs. St. Xavier,2019-01-18,26
225,rejected,no,shared bouts have different real results (times/scores differ),boys,2019,2,no,0,0,2,0.0,HCIWT,2018-12-01,279,vs. Trinity (Whitesville),2018-11-29,12
226,rejected,no,shared bouts have different real results (times/scores differ),boys,2019,3,no,0,0,2,0.0,King of the Bluegrass,2018-12-08,404,vs. Fern Creek,2018-12-05,15
227,rejected,no,shared bouts have different real results (times/scores differ),boys,2019,3,no,0,0,4,0.0,King of the Bluegrass,2018-12-08,404,vs. Fairdale,2018-12-05,15
228,rejected,no,shared bouts have different real results (times/scores differ),boys,2019,5,yes,0,0,3,0.0,vs. Spencer County,2018-12-15,29,vs. Spencer County,2018-12-20,18
229,rejected,no,shared bouts have different real results (times/scores differ),boys,2019,3,no,0,0,3,0.0,2019 CIWT,2019-01-05,168,vs. Conner,2019-01-02,12
230,rejected,no,shared bouts have different real results (times/scores differ),boys,2019,11,yes,0,0,2,0.0,vs. Hopkinsville,2019-01-12,15,vs. Hopkinsville,2019-01-23,17
231,rejected,no,shared bouts have different real results (times/scores differ),boys,2019,12,yes,0,0,2,0.0,vs. Owensboro,2019-01-12,45,vs. Owensboro,2019-01-24,16
232,rejected,no,shared bouts have different real results (times/scores differ),boys,2019,2,yes,0,0,4,0.0,vs. North Hardin,2019-01-17,11,vs. North Hardin,2019-01-19,11
236,rejected,no,"one is a dual, the other a tournament, and no identical-proof bouts",boys,2020,1,yes,3,0,0,27.3,Fern Creek Gladiator,2019-12-28,231,vs. Fern Creek,2019-12-27,11
237,rejected,no,"one is a dual, the other a tournament, and no identical-proof bouts",boys,2020,3,no,2,0,0,20.0,Jessamine County Clash,2019-12-07,116,vs. Frederick Douglas,2019-12-04,10
238,rejected,no,different events 2 days apart with no identical-proof bouts,boys,2020,2,no,2,0,0,6.9,Christian County Invitational,2019-12-28,151,Kentucky JV State Qualifier @ Fort Campbell,2019-12-30,29
239,rejected,no,"one is a dual, the other a tournament, and no identical-proof bouts",boys,2020,1,no,2,0,0,9.5,Fern Creek Gladiator,2019-12-28,231,vs. Jeffersonville,2019-12-27,21
240,rejected,no,"one is a dual, the other a tournament, and no identical-proof bouts",boys,2020,1,no,2,0,0,100.0,Bear Den Brawl,2020-01-18,30,vs. Letcher County Central,2020-01-17,2
241,rejected,no,"one is a dual, the other a tournament, and no identical-proof bouts",boys,2020,2,no,2,0,0,9.5,Region 6 JV Championships,2020-01-21,87,vs. Holmes,2020-01-23,21
242,rejected,no,shared bouts have different real results (times/scores differ),boys,2020,1,no,1,0,4,2.6,Fern Creek Gladiator,2019-12-28,231,vs. Evansville F.J. Reitz,2019-12-27,39
243,rejected,no,shared bouts have different real results (times/scores differ),boys,2020,1,no,1,1,1,4.8,Fern Creek Gladiator,2019-12-28,231,vs. South Oldham,2019-12-27,21
244,rejected,no,shared bouts have different real results (times/scores differ),boys,2020,6,yes,1,0,2,9.1,vs. Perry County Central,2020-01-04,11,vs. Perry County Central,2020-01-10,19
245,rejected,no,shared bouts have different real results (times/scores differ),boys,2020,7,yes,1,0,2,9.1,vs. Knox Central High School,2020-01-04,11,vs. Knox Central High School,2020-01-11,11
246,rejected,no,shared bouts have different real results (times/scores differ),boys,2020,14,yes,1,0,6,7.7,vs. Male,2020-01-15,13,vs. Male,2020-01-29,13
247,rejected,no,shared bouts have different real results (times/scores differ),boys,2020,3,yes,0,0,3,0.0,vs. Grant County,2019-12-04,9,vs. Grant County,2019-12-07,20
248,rejected,no,shared bouts have different real results (times/scores differ),boys,2020,3,yes,0,0,2,0.0,vs. Cooper,2019-12-04,6,vs. Cooper,2019-12-07,24
249,rejected,no,shared bouts have different real results (times/scores differ),boys,2020,3,no,0,0,4,0.0,King of the Bluegrass,2019-12-07,309,vs. Fairdale,2019-12-04,22
250,rejected,no,shared bouts have different real results (times/scores differ),boys,2020,3,no,0,0,2,0.0,2019 NKAC,2019-12-21,183,vs. Scott,2019-12-18,17
251,rejected,no,shared bouts have different real results (times/scores differ),boys,2020,14,yes,0,0,3,0.0,vs. Wayne County,2019-12-27,92,vs. Wayne County,2020-01-10,59
252,rejected,no,shared bouts have different real results (times/scores differ),boys,2020,14,yes,0,0,3,0.0,vs. Oldham County,2019-12-28,48,vs. Oldham County,2020-01-11,32
253,rejected,no,shared bouts have different real results (times/scores differ),boys,2020,11,yes,0,0,3,0.0,vs. Wayne County,2019-12-30,32,vs. Wayne County,2020-01-10,59
254,rejected,no,shared bouts have different real results (times/scores differ),boys,2020,9,yes,0,0,5,0.0,vs. Boyd County,2020-01-02,11,vs. Boyd County,2020-01-11,25
255,rejected,no,shared bouts have different real results (times/scores differ),boys,2020,13,yes,0,0,6,0.0,vs. Ryle,2020-01-02,13,vs. Ryle,2020-01-15,33
256,rejected,no,shared bouts have different real results (times/scores differ),boys,2020,1,no,0,0,2,0.0,vs. East Central,2020-01-03,14,vs. Rushville Consolidated,2020-01-04,9
257,rejected,no,shared bouts have different real results (times/scores differ),boys,2020,1,no,0,0,2,0.0,vs. Jeffersonville,2020-01-03,13,vs. Rushville Consolidated,2020-01-04,9
258,rejected,no,shared bouts have different real results (times/scores differ),boys,2020,1,no,0,0,3,0.0,vs. Corydon Central,2020-01-04,12,vs. East Central,2020-01-03,14
259,rejected,no,shared bouts have different real results (times/scores differ),boys,2020,5,yes,0,0,3,0.0,vs. Henderson County,2020-01-04,32,vs. Henderson County,2020-01-09,9
260,rejected,no,shared bouts have different real results (times/scores differ),boys,2020,3,yes,0,0,7,0.0,vs. Walton Verona,2020-01-08,14,vs. Walton Verona,2020-01-11,40
261,rejected,no,shared bouts have different real results (times/scores differ),boys,2020,8,yes,0,0,2,0.0,vs. Perry County Central,2020-01-10,19,vs. Perry County Central,2020-01-18,12
262,rejected,no,shared bouts have different real results (times/scores differ),boys,2020,11,yes,0,0,3,0.0,vs. Hopkinsville,2020-01-11,13,vs. Hopkinsville,2020-01-22,20
263,rejected,no,shared bouts have different real results (times/scores differ),boys,2020,10,yes,0,0,4,0.0,vs. Nelson County,2020-01-15,14,vs. Nelson County,2020-01-25,15
264,rejected,no,as many conflicting results as matching ones,boys,2021,14,yes,2,1,3,9.1,vs. Wayne County,2021-01-09,23,vs. Wayne County,2021-01-23,22
265,rejected,no,"one is a dual, the other a tournament, and no identical-proof bouts",boys,2021,2,no,2,0,1,6.9,2021 Region 6 JV Championships,2021-02-22,81,vs. Scott,2021-02-20,29
266,rejected,no,"one is a dual, the other a tournament, and no identical-proof bouts",boys,2021,3,no,2,0,0,14.3,Lexington City Tournament Session 2,2021-02-27,32,vs. Frederick Douglass,2021-02-24,14
267,rejected,no,shared bouts have different real results (times/scores differ),boys,2021,14,yes,1,0,3,7.7,vs. Perry County Central,2021-01-09,13,vs. Perry County Central,2021-01-23,16
268,rejected,no,shared bouts have different real results (times/scores differ),boys,2021,7,yes,1,0,4,9.1,vs. Wayne County,2021-01-09,23,vs. Wayne County,2021-01-16,11
269,rejected,no,shared bouts have different real results (times/scores differ),boys,2021,14,yes,1,1,2,14.3,vs. Meade County,2021-01-16,7,vs. Meade County,2021-01-30,24
270,rejected,no,shared bouts have different real results (times/scores differ),boys,2021,4,yes,0,0,3,0.0,vs. Perry County Central,2021-01-04,7,vs. Perry County Central,2021-01-08,16
271,rejected,no,shared bouts have different real results (times/scores differ),boys,2021,3,yes,0,0,4,0.0,vs. Perry County Central,2021-01-09,13,vs. Perry County Central,2021-01-12,17
272,rejected,no,shared bouts have different real results (times/scores differ),boys,2021,4,yes,0,0,4,0.0,vs. Perry County Central,2021-01-12,17,vs. Perry County Central,2021-01-16,8
273,rejected,no,shared bouts have different real results (times/scores differ),boys,2021,11,yes,0,0,2,0.0,vs. Perry County Central,2021-01-12,17,vs. Perry County Central,2021-01-23,16
274,rejected,no,shared bouts have different real results (times/scores differ),boys,2021,7,yes,0,0,5,0.0,vs. Wayne County,2021-01-16,11,vs. Wayne County,2021-01-23,22
275,rejected,no,shared bouts have different real results (times/scores differ),boys,2021,2,no,0,0,2,0.0,Laker Invitational @ Calloway Co.,2021-01-16,117,vs. Ohio County,2021-01-14,10
276,rejected,no,shared bouts have different real results (times/scores differ),boys,2021,14,yes,0,0,3,0.0,vs. Taylor County,2021-01-16,25,vs. Taylor County,2021-01-30,40
277,rejected,no,shared bouts have different real results (times/scores differ),boys,2021,4,yes,0,0,2,0.0,vs. Warren Central HIgh School,2021-01-16,4,vs. Warren Central HIgh School,2021-01-20,8
278,rejected,no,shared bouts have different real results (times/scores differ),boys,2021,5,yes,0,0,3,0.0,vs. Letcher County Central,2021-01-28,8,vs. Perry County Central,2021-01-23,16
279,rejected,no,shared bouts have different real results (times/scores differ),boys,2021,5,yes,0,0,4,0.0,vs. Highlands High School,2021-01-29,12,vs. Highlands High School,2021-02-03,14
280,rejected,no,shared bouts have different real results (times/scores differ),boys,2021,14,yes,0,0,2,0.0,vs. Trinity (Whitesville),2021-01-30,2,vs. Trinity (Whitesville),2021-02-13,2
281,rejected,no,shared bouts have different real results (times/scores differ),boys,2021,2,no,0,0,2,0.0,McCracken HS Open - 2021,2021-02-06,77,vs. Trinity (Whitesville),2021-02-04,4
282,rejected,no,shared bouts have different real results (times/scores differ),boys,2021,14,yes,0,0,2,0.0,vs. St. Xavier,2021-02-06,33,vs. St. Xavier,2021-02-20,48
283,rejected,no,shared bouts have different real results (times/scores differ),boys,2021,12,yes,0,0,3,0.0,vs. Moore,2021-02-12,15,vs. Moore,2021-02-24,17
284,rejected,no,shared bouts have different real results (times/scores differ),boys,2021,12,yes,0,0,4,0.0,Highlands,2021-02-13,21,vs. Highlands High School,2021-02-25,15
285,rejected,no,shared bouts have different real results (times/scores differ),boys,2021,3,no,0,0,3,0.0,2021 Region 6 JV Championships,2021-02-22,81,vs. Highlands High School,2021-02-25,15
286,rejected,no,shared bouts have different real results (times/scores differ),boys,2021,6,yes,0,0,2,0.0,vs. Highlands High School,2021-02-25,15,vs. Highlands High School,2021-03-03,14
287,rejected,no,shared bouts have different real results (times/scores differ),boys,2021,3,no,0,0,2,0.0,Call Me the Monster Invitational,2021-02-27,123,vs. North Oldham,2021-02-24,13
289,rejected,no,"one is a dual, the other a tournament, and no identical-proof bouts",boys,2022,2,no,4,0,0,44.4,JV Region 8,2022-01-19,18,vs. Boyd County,2022-01-21,9
291,rejected,no,"one is a dual, the other a tournament, and no identical-proof bouts",boys,2022,3,no,3,0,0,25.0,Knox Central Individuals,2021-12-18,114,vs. Letcher County Central,2021-12-21,12
292,rejected,no,"one is a dual, the other a tournament, and no identical-proof bouts",boys,2022,3,no,3,0,0,17.6,Knox Central Individuals,2021-12-18,114,vs. Perry County Central,2021-12-21,17
293,rejected,no,"one is a dual, the other a tournament, and no identical-proof bouts",boys,2022,1,yes,3,0,1,7.7,vs. Woodford County,2021-12-28,39,Woodford County Invitational,2021-12-29,364
294,rejected,no,"one is a dual, the other a tournament, and no identical-proof bouts",boys,2022,1,no,3,0,0,12.0,vs. North Hardin,2021-12-28,25,Woodford County Invitational,2021-12-29,364
295,rejected,no,"one is a dual, the other a tournament, and no identical-proof bouts",boys,2022,1,no,3,0,0,12.0,vs. Madison Central,2021-12-28,25,Woodford County Invitational,2021-12-29,364
296,rejected,no,"one is a dual, the other a tournament, and no identical-proof bouts",boys,2022,1,no,3,0,0,14.3,vs. Thomas Nelson,2021-12-28,21,Woodford County Invitational,2021-12-29,364
299,rejected,no,"one is a dual, the other a tournament, and no identical-proof bouts",boys,2022,1,no,2,0,0,11.8,Fern Creek Gladiator Tournament,2021-12-22,324,vs. Pleasure Ridge Park,2021-12-21,17
300,rejected,no,"one is a dual, the other a tournament, and no identical-proof bouts",boys,2022,1,no,2,0,0,6.5,Fern Creek Gladiator Tournament,2021-12-22,324,vs. Evansville F.J. Reitz,2021-12-21,31
301,rejected,no,"one is a dual, the other a tournament, and no identical-proof bouts",boys,2022,1,no,2,0,0,7.7,Fern Creek Gladiator Tournament,2021-12-22,324,vs. Jeffersonville,2021-12-21,26
302,rejected,no,as many conflicting results as matching ones,boys,2022,1,no,2,2,4,33.3,vs. Central Hardin,2021-12-22,6,vs. Ohio County,2021-12-21,32
303,rejected,no,"one is a dual, the other a tournament, and no identical-proof bouts",boys,2022,1,no,2,0,0,9.1,Christian County Invitational,2021-12-23,263,vs. McCracken County,2021-12-22,22
304,rejected,no,"one is a dual, the other a tournament, and no identical-proof bouts",boys,2022,1,no,2,0,0,6.7,vs. Mccreary Central,2021-12-28,30,Woodford County Invitational,2021-12-29,364
305,rejected,no,"one is a dual, the other a tournament, and no identical-proof bouts",boys,2022,1,no,2,0,1,4.8,vs. South Oldham,2021-12-28,42,Woodford County Invitational,2021-12-29,364
306,rejected,no,"one is a dual, the other a tournament, and no identical-proof bouts",boys,2022,1,no,2,0,0,6.1,Fort Campbell JV/Girls Tournament,2021-12-28,120,vs. Henderson County,2021-12-29,33
308,rejected,no,as many conflicting results as matching ones,boys,2022,7,yes,2,2,6,0.5,KHSAA Semi-State 1,2022-02-19,395,KHSAA State Championship,2022-02-26,397
309,rejected,no,as many conflicting results as matching ones,boys,2022,7,yes,2,2,4,0.5,KHSAA Semi-State,2022-02-19,404,KHSAA State Championship,2022-02-26,397
310,rejected,no,shared bouts have different real results (times/scores differ),boys,2022,9,yes,1,0,2,16.7,vs. Perry County Central,2021-12-02,11,vs. Perry County Central,2021-12-11,6
311,rejected,no,shared bouts have different real results (times/scores differ),boys,2022,7,yes,1,0,2,14.3,vs. Harlan County,2021-12-21,7,vs. Harlan County,2021-12-28,12
312,rejected,no,shared bouts have different real results (times/scores differ),boys,2022,2,no,0,0,2,0.0,Bob Guy Invitational,2021-12-04,72,vs. CLERMONT NORTHEASTERN,2021-12-02,11
313,rejected,no,shared bouts have different real results (times/scores differ),boys,2022,12,yes,0,0,5,0.0,vs. Ohio County,2021-12-18,20,vs. Ohio County,2021-12-30,31
314,rejected,no,shared bouts have different real results (times/scores differ),boys,2022,1,no,0,0,3,0.0,Fern Creek Gladiator Tournament,2021-12-22,324,vs. Spencer County,2021-12-21,33
315,rejected,no,shared bouts have different real results (times/scores differ),boys,2022,3,yes,0,0,3,0.0,vs. St. Xavier,2022-01-12,9,vs. St. Xavier,2022-01-15,35
316,rejected,no,shared bouts have different real results (times/scores differ),boys,2022,7,yes,0,0,6,0.0,vs. Whitley County,2022-01-26,11,vs. Whitley County,2022-02-02,11
317,rejected,no,as many conflicting results as matching ones,boys,2023,1,no,9,8,10,39.1,vs. Meade County,2022-12-20,60,vs. Wayne County,2022-12-21,23
319,rejected,no,"one is a dual, the other a tournament, and no identical-proof bouts",boys,2023,1,no,6,0,1,7.0,vs. Jeffersonville,2022-12-28,86,Woodford County Invitational,2022-12-29,320
320,rejected,no,"one is a dual, the other a tournament, and no identical-proof bouts",boys,2023,3,no,4,0,0,21.1,Ashland KY Invitational,2022-12-10,116,vs. Greenup County,2022-12-13,19
322,rejected,no,"one is a dual, the other a tournament, and no identical-proof bouts",boys,2023,3,no,3,0,0,17.6,Ashland KY Invitational,2022-12-10,116,vs. Boyd County,2022-12-13,17
323,rejected,no,as many conflicting results as matching ones,boys,2023,7,yes,3,0,3,23.1,vs. Whitley County,2023-01-03,13,vs. Whitley County,2023-01-10,29
324,rejected,no,"one is a dual, the other a tournament, and no identical-proof bouts",boys,2023,3,no,2,0,0,4.9,JV City Matches,2022-12-07,41,vs. Tates Creek,2022-12-10,56
325,rejected,no,"one is a dual, the other a tournament, and no identical-proof bouts",boys,2023,3,no,2,0,0,8.7,Lafayette 5-Star Classic,2022-12-17,275,vs. Trinity (Louisville),2022-12-20,23
326,rejected,no,"one is a dual, the other a tournament, and no identical-proof bouts",boys,2023,3,no,2,0,0,15.4,Lafayette 5-Star Classic,2022-12-17,275,vs. Montgomery County,2022-12-14,13
327,rejected,no,"one is a dual, the other a tournament, and no identical-proof bouts",boys,2023,1,yes,2,0,0,6.2,vs. Woodford County,2022-12-28,32,Woodford County Invitational,2022-12-29,320
328,rejected,no,"one is a dual, the other a tournament, and no identical-proof bouts",boys,2023,1,no,2,0,0,10.5,vs. South Oldham,2022-12-28,19,Woodford County Invitational,2022-12-29,320
329,rejected,no,as many conflicting results as matching ones,boys,2023,7,yes,2,2,6,0.5,KHSAA Final Round State Championship,2023-02-25,400,KHSAA First Round State Tournament 1,2023-02-18,394
330,rejected,no,as many conflicting results as matching ones,boys,2023,7,yes,2,2,2,0.5,KHSAA Final Round State Championship,2023-02-25,400,KHSAA First Round State Tournament 2,2023-02-18,393
331,rejected,no,shared bouts have different real results (times/scores differ),boys,2023,4,yes,1,0,1,10.0,vs. Central Hardin,2022-11-29,10,vs. Central Hardin,2022-12-03,25
332,rejected,no,shared bouts have different real results (times/scores differ),boys,2023,4,yes,1,0,2,10.0,vs. Harlan County,2022-12-03,10,vs. Harlan County,2022-12-07,14
333,rejected,no,shared bouts have different real results (times/scores differ),boys,2023,3,no,1,0,1,8.3,King of the Bluegrass,2022-12-10,215,vs. North Oldham,2022-12-07,12
334,rejected,no,shared bouts have different real results (times/scores differ),boys,2023,3,no,1,1,2,3.8,Taylor Family Chiropractic Log Mountain Rumble,2022-12-10,151,vs. Whitley County,2022-12-07,26
335,rejected,no,shared bouts have different real results (times/scores differ),boys,2023,13,yes,1,0,1,14.3,vs. Paul Laurence Dunbar,2022-12-28,10,vs. Paul Laurence Dunbar,2023-01-10,7
336,rejected,no,shared bouts have different real results (times/scores differ),boys,2023,1,no,1,0,1,6.7,GRC Invitational,2022-12-29,317,vs. Great Crossing High School,2022-12-28,15
337,rejected,no,shared bouts have different real results (times/scores differ),boys,2023,11,yes,1,0,1,7.7,vs. Whitley County,2023-01-03,13,vs. Whitley County,2023-01-14,52
338,rejected,no,shared bouts have different real results (times/scores differ),boys,2023,6,yes,1,0,1,12.5,vs. Union Co.,2023-01-07,8,vs. Union Co.,2023-01-13,10
339,rejected,no,shared bouts have different real results (times/scores differ),boys,2023,11,yes,1,0,2,12.5,vs. Union Co.,2023-01-07,8,vs. Union Co.,2023-01-18,14
340,rejected,no,shared bouts have different real results (times/scores differ),boys,2023,4,yes,1,0,2,3.4,vs. Whitley County,2023-01-10,29,vs. Whitley County,2023-01-14,52
341,rejected,no,shared bouts have different real results (times/scores differ),boys,2023,12,yes,1,0,1,4.5,vs. Owensboro Catholic High School,2023-01-12,22,vs. Owensboro Catholic High School,2023-01-24,25
342,rejected,no,shared bouts have different real results (times/scores differ),boys,2023,4,yes,1,0,1,4.5,vs. Owensboro Catholic High School,2023-01-12,22,vs. Owensboro Catholic High School,2023-01-16,31
343,rejected,no,shared bouts have different real results (times/scores differ),boys,2023,5,yes,1,0,3,10.0,vs. Union Co.,2023-01-13,10,vs. Union Co.,2023-01-18,14
344,rejected,no,shared bouts have different real results (times/scores differ),boys,2023,7,yes,1,0,4,12.5,vs. Highlands High School,2023-01-30,30,vs. Highlands High School,2023-02-06,8
345,rejected,no,shared bouts have different real results (times/scores differ),boys,2023,12,yes,0,0,4,0.0,vs. Ohio County,2022-12-03,71,vs. Ohio County,2022-12-15,19
346,rejected,no,shared bouts have different real results (times/scores differ),boys,2023,3,yes,0,0,4,0.0,vs. Highlands High School,2022-12-03,18,vs. Highlands High School,2022-12-06,8
347,rejected,no,shared bouts have different real results (times/scores differ),boys,2023,11,yes,0,0,2,0.0,vs. Harlan County,2022-12-03,10,vs. Harlan County,2022-12-14,16
348,rejected,no,shared bouts have different real results (times/scores differ),boys,2023,7,yes,0,0,3,0.0,vs. Mccreary Central,2022-12-07,8,vs. Mccreary Central,2022-12-14,11
349,rejected,no,shared bouts have different real results (times/scores differ),boys,2023,7,yes,0,0,2,0.0,vs. Harlan County,2022-12-07,14,vs. Harlan County,2022-12-14,16
350,rejected,no,shared bouts have different real results (times/scores differ),boys,2023,4,yes,0,0,2,0.0,vs. Paul Laurence Dunbar,2022-12-10,21,vs. Paul Laurence Dunbar,2022-12-14,9
351,rejected,no,shared bouts have different real results (times/scores differ),boys,2023,6,yes,0,0,3,0.0,vs. Lee,2022-12-14,9,vs. Lee,2022-12-20,6
352,rejected,no,shared bouts have different real results (times/scores differ),boys,2023,3,no,0,0,2,0.0,2nd Annual Cardinal Clash,2022-12-17,276,vs. Mccreary Central,2022-12-14,11
353,rejected,no,shared bouts have different real results (times/scores differ),boys,2023,4,yes,0,0,3,0.0,vs. Covington Catholic,2022-12-17,8,vs. Covington Catholic,2022-12-21,10
354,rejected,no,shared bouts have different real results (times/scores differ),boys,2023,1,no,0,0,3,0.0,The Hawk Presented by: The U.S. Army,2022-12-17,57,vs. Hardin Valley Academy,2022-12-16,14
355,rejected,no,shared bouts have different real results (times/scores differ),boys,2023,1,no,0,0,3,0.0,Fern Creek Gladiator,2022-12-21,359,vs. Western Hills,2022-12-20,28
356,rejected,no,shared bouts have different real results (times/scores differ),boys,2023,1,no,0,0,3,0.0,Fern Creek Gladiator,2022-12-21,359,vs. Evansville F.j. Reitz,2022-12-20,12
357,rejected,no,shared bouts have different real results (times/scores differ),boys,2023,10,yes,0,0,5,0.0,vs. Wayne County,2022-12-28,34,vs. Wayne County,2023-01-07,35
358,rejected,no,shared bouts have different real results (times/scores differ),boys,2023,1,no,0,0,2,0.0,GRC Invitational,2022-12-29,317,vs. West Carter High School,2022-12-28,27
359,rejected,no,shared bouts have different real results (times/scores differ),boys,2023,1,no,0,0,5,0.0,GRC Invitational,2022-12-29,317,vs. Tates Creek,2022-12-28,36
360,rejected,no,shared bouts have different real results (times/scores differ),boys,2023,6,yes,0,0,2,0.0,vs. West Carter High School,2023-01-06,5,vs. West Carter High School,2023-01-12,25
361,rejected,no,shared bouts have different real results (times/scores differ),boys,2023,3,no,0,0,3,0.0,Louisville City Wrestling Championships,2023-01-07,307,vs. Valley,2023-01-04,21
362,rejected,no,shared bouts have different real results (times/scores differ),boys,2023,8,yes,0,0,5,0.0,vs. Corbin,2023-01-11,20,vs. Corbin,2023-01-19,12
363,rejected,no,shared bouts have different real results (times/scores differ),boys,2023,3,no,0,0,2,0.0,vs. Meade County,2023-01-11,22,Warhawk Classic,2023-01-14,336
364,rejected,no,shared bouts have different real results (times/scores differ),boys,2023,12,yes,0,0,2,0.0,vs. Owensboro,2023-01-12,8,vs. Owensboro,2023-01-24,12
365,rejected,no,shared bouts have different real results (times/scores differ),boys,2023,2,yes,0,0,2,0.0,vs. Owensboro,2023-01-12,8,vs. Owensboro,2023-01-14,24
366,rejected,no,shared bouts have different real results (times/scores differ),boys,2023,2,no,0,0,4,0.0,Steve Johnston Memorial Invitational,2023-01-14,244,vs. Fort Campbell,2023-01-16,23
367,rejected,no,shared bouts have different real results (times/scores differ),boys,2023,3,yes,0,0,2,0.0,vs. Knox Central High School,2023-01-14,10,vs. Knox Central High School,2023-01-17,11
368,rejected,no,shared bouts have different real results (times/scores differ),boys,2023,14,yes,0,0,3,0.0,vs. Western Hills,2023-01-14,40,vs. Western Hills,2023-01-28,44
369,rejected,no,shared bouts have different real results (times/scores differ),boys,2023,12,yes,0,0,3,0.0,vs. Highlands High School,2023-01-18,24,vs. Highlands High School,2023-01-30,30
371,rejected,no,"one is a dual, the other a tournament, and no identical-proof bouts",boys,2024,1,no,3,0,0,9.7,Fern Creek Gladiator (Individual),2023-12-29,349,vs. Evansville F.j. Reitz,2023-12-28,31
372,rejected,no,"one is a dual, the other a tournament, and no identical-proof bouts",boys,2024,1,no,3,0,0,16.7,Fern Creek Gladiator (Individual),2023-12-29,349,vs. Moore,2023-12-28,18
373,rejected,no,"one is a dual, the other a tournament, and no identical-proof bouts",boys,2024,2,no,3,0,0,27.3,SEKC Individual Championships Presented by BOOM KY,2024-01-06,80,vs. Whitley County,2024-01-04,11
375,rejected,no,"one is a dual, the other a tournament, and no identical-proof bouts",boys,2024,3,no,2,0,0,11.1,Battle for the Bone,2023-12-02,199,vs. Scott,2023-11-29,18
377,rejected,no,"one is a dual, the other a tournament, and no identical-proof bouts",boys,2024,1,no,2,0,0,4.7,vs. Scott County,2023-12-29,43,Woodford County Invitational (Ind),2023-12-30,360
378,rejected,no,as many conflicting results as matching ones,boys,2024,1,no,2,0,2,4.1,Fern Creek Gladiator (Individual),2023-12-29,349,vs. Jeffersonville,2023-12-28,49
381,rejected,no,shared bouts have different real results (times/scores differ),boys,2024,7,yes,1,0,2,9.1,vs. Southwestern,2023-12-19,11,vs. Southwestern,2023-12-26,22
382,rejected,no,shared bouts have different real results (times/scores differ),boys,2024,13,yes,1,0,2,4.8,vs. North Oldham,2023-12-28,21,vs. North Oldham,2024-01-10,23
383,rejected,no,shared bouts have different real results (times/scores differ),boys,2024,1,no,1,0,1,4.5,vs. Southern,2023-12-29,22,Woodford County Invitational (Ind),2023-12-30,360
384,rejected,no,shared bouts have different real results (times/scores differ),boys,2024,9,yes,1,0,4,10.0,vs. Covington Catholic,2024-01-09,16,vs. Covington Catholic,2024-01-18,10
385,rejected,no,shared bouts have different real results (times/scores differ),boys,2024,14,yes,1,0,1,3.3,vs. Trinity (Louisville),2024-01-13,30,vs. Trinity (Louisville),2024-01-27,52
386,rejected,no,shared bouts have different real results (times/scores differ),boys,2024,3,yes,1,0,1,9.1,vs. Northeast,2024-01-24,11,vs. Northeast,2024-01-27,22
387,rejected,no,shared bouts have different real results (times/scores differ),boys,2024,8,yes,1,0,2,12.5,vs. Boyd County,2024-01-30,8,vs. Boyd County,2024-02-07,8
388,rejected,no,shared bouts have different real results (times/scores differ),boys,2024,8,yes,0,0,2,0.0,vs. Bell County,2023-11-28,4,vs. Bell County,2023-12-06,4
389,rejected,no,shared bouts have different real results (times/scores differ),boys,2024,4,yes,0,0,2,0.0,vs. Jeffersonville,2023-12-02,23,vs. Jeffersonville,2023-12-06,13
390,rejected,no,shared bouts have different real results (times/scores differ),boys,2024,2,no,0,0,3,0.0,Hatfield & McCoy 32,2023-12-29,332,KY Region 8 JV Tournament,2023-12-27,97
391,rejected,no,shared bouts have different real results (times/scores differ),boys,2024,1,no,0,0,4,0.0,Fern Creek Gladiator (Individual),2023-12-29,349,vs. North Oldham,2023-12-28,21
392,rejected,no,shared bouts have different real results (times/scores differ),boys,2024,3,no,0,0,2,0.0,2024 CIWT,2024-01-06,285,vs. Dixie Heights,2024-01-09,25
393,rejected,no,shared bouts have different real results (times/scores differ),boys,2024,3,yes,0,0,2,0.0,vs. West Carter,2024-01-09,15,vs. West Carter High School,2024-01-06,17
394,rejected,no,shared bouts have different real results (times/scores differ),boys,2024,10,yes,0,0,3,0.0,vs. West Carter,2024-01-16,13,vs. West Carter High School,2024-01-06,17
395,rejected,no,shared bouts have different real results (times/scores differ),boys,2024,3,yes,0,0,2,0.0,vs. Fort Campbell,2024-01-24,9,vs. Fort Campbell,2024-01-27,15
396,rejected,no,shared bouts have different real results (times/scores differ),boys,2024,3,no,0,0,4,0.0,KHSAA Region 3,2024-02-10,250,vs. Western,2024-02-07,15
402,rejected,no,"one is a dual, the other a tournament, and no identical-proof bouts",boys,2025,3,no,3,0,0,11.1,Capital City Classic,2025-01-18,356,vs. Paul Laurence Dunbar,2025-01-15,27
404,rejected,no,"one is a dual, the other a tournament, and no identical-proof bouts",boys,2025,1,no,3,0,0,42.9,Rowan County Invitational,2025-01-25,139,vs. Wayne County,2025-01-24,7
405,rejected,no,"one is a dual, the other a tournament, and no identical-proof bouts",boys,2025,3,no,2,0,0,15.4,Anchor Down Showdown,2024-12-07,177,vs. Perry County Central,2024-12-04,13
409,rejected,no,"one is a dual, the other a tournament, and no identical-proof bouts",boys,2025,2,no,2,0,0,20.0,Les DeLong Memorial Tournament,2025-02-08,37,vs. West Carter,2025-02-06,10
410,rejected,no,shared bouts have different real results (times/scores differ),boys,2025,7,yes,1,0,1,3.7,vs. Whitley County,2024-12-14,27,vs. Whitley County,2024-12-21,49
411,rejected,no,shared bouts have different real results (times/scores differ),boys,2025,12,yes,1,1,2,5.0,vs. Mccreary Central,2024-12-28,23,vs. Mccreary Central,2025-01-09,20
412,rejected,no,shared bouts have different real results (times/scores differ),boys,2025,2,yes,1,0,3,9.1,vs. Corbin,2024-12-28,14,vs. Corbin,2024-12-30,11
413,rejected,no,shared bouts have different real results (times/scores differ),boys,2025,5,yes,1,0,2,20.0,vs. Hopkinsville,2025-01-09,8,vs. Hopkinsville,2025-01-14,5
414,rejected,no,shared bouts have different real results (times/scores differ),boys,2025,14,yes,1,0,1,16.7,vs. Danville,2025-01-14,6,vs. Danville,2025-01-28,6
415,rejected,no,shared bouts have different real results (times/scores differ),boys,2025,6,yes,1,0,2,16.7,vs. Pike County Central,2025-01-15,22,vs. Pike County Central,2025-01-21,6
416,rejected,no,shared bouts have different real results (times/scores differ),boys,2025,10,yes,1,0,3,4.5,vs. Pike County Central,2025-01-15,22,vs. Pike County Central,2025-01-25,22
417,rejected,no,shared bouts have different real results (times/scores differ),boys,2025,7,yes,0,0,4,0.0,vs. West Jessamine,2024-11-30,26,vs. West Jessamine,2024-12-07,27
418,rejected,no,shared bouts have different real results (times/scores differ),boys,2025,3,yes,0,0,3,0.0,vs. Southern,2024-12-04,24,vs. Southern,2024-12-07,39
419,rejected,no,shared bouts have different real results (times/scores differ),boys,2025,12,yes,0,0,4,0.0,vs. Nelson County,2024-12-06,19,vs. Nelson County,2024-12-18,20
420,rejected,no,shared bouts have different real results (times/scores differ),boys,2025,4,yes,0,0,5,0.0,vs. Seneca,2024-12-07,21,vs. Seneca,2024-12-11,11
421,rejected,no,shared bouts have different real results (times/scores differ),boys,2025,4,yes,0,0,5,0.0,vs. Harrisburg,2024-12-14,33,vs. Harrisburg,2024-12-18,14
422,rejected,no,shared bouts have different real results (times/scores differ),boys,2025,1,no,0,0,2,0.0,JV Regionals,2024-12-27,91,NKAC,2024-12-28,194
423,rejected,no,shared bouts have different real results (times/scores differ),boys,2025,8,yes,0,0,3,0.0,vs. Pleasure Ridge Park,2024-12-27,19,vs. Pleasure Ridge Park,2025-01-04,33
424,rejected,no,shared bouts have different real results (times/scores differ),boys,2025,7,yes,0,0,4,0.0,vs. Pleasure Ridge Park,2024-12-27,19,vs. Pleasure Ridge Park,2025-01-03,11
425,rejected,no,shared bouts have different real results (times/scores differ),boys,2025,1,no,0,0,2,0.0,Fern Creek Gladiator,2024-12-28,291,vs. Jeffersonville,2024-12-27,25
426,rejected,no,shared bouts have different real results (times/scores differ),boys,2025,5,yes,0,0,2,0.0,vs. Claiborne High School,2024-12-30,15,vs. Claiborne High School,2025-01-04,12
427,rejected,no,shared bouts have different real results (times/scores differ),boys,2025,1,yes,0,0,3,0.0,vs. Pleasure Ridge Park,2025-01-03,11,vs. Pleasure Ridge Park,2025-01-04,33
428,rejected,no,shared bouts have different real results (times/scores differ),boys,2025,11,yes,0,0,3,0.0,vs. Franklin County,2025-01-14,11,vs. Franklin County,2025-01-25,26
429,rejected,no,shared bouts have different real results (times/scores differ),boys,2025,2,no,0,0,2,0.0,South Oldham Dragon,2025-01-18,415,vs. North Oldham,2025-01-16,29
430,rejected,no,shared bouts have different real results (times/scores differ),boys,2025,7,yes,0,0,2,0.0,vs. Trinity (Louisville),2025-01-18,24,vs. Trinity (Louisville),2025-01-25,51
431,rejected,no,shared bouts have different real results (times/scores differ),boys,2025,7,yes,0,0,3,0.0,vs. Woodford County,2025-01-18,30,vs. Woodford County,2025-01-25,29
432,rejected,no,shared bouts have different real results (times/scores differ),boys,2025,2,no,0,0,3,0.0,JV Regionals,2025-01-20,203,vs. South Warren,2025-01-18,17
433,rejected,no,shared bouts have different real results (times/scores differ),boys,2025,4,yes,0,0,4,0.0,vs. Pike County Central,2025-01-21,6,vs. Pike County Central,2025-01-25,22
434,rejected,no,shared bouts have different real results (times/scores differ),boys,2025,11,yes,0,0,2,0.0,vs. Woodford County,2025-02-01,34,vs. Woodford County,2025-02-12,9
435,rejected,no,shared bouts have different real results (times/scores differ),boys,2025,4,yes,0,0,2,0.0,vs. Tates Creek,2025-02-01,20,vs. Tates Creek,2025-02-05,17
436,rejected,no,shared bouts have different real results (times/scores differ),boys,2025,1,no,0,0,4,0.0,Clipson Jones Memorial Tournament 2025,2025-02-08,227,Region 8 JV Regional Tournament,2025-02-09,52
437,rejected,no,shared bouts have different real results (times/scores differ),boys,2025,3,no,0,0,2,0.0,Clipson Jones Memorial Tournament 2025,2025-02-08,227,vs. Perry County Central,2025-02-05,20
438,rejected,no,shared bouts have different real results (times/scores differ),boys,2025,13,yes,0,0,2,0.0,KHSAA Region 8,2025-02-22,314,Region 8 JV Regional Tournament,2025-02-09,52
443,rejected,no,"one is a dual, the other a tournament, and no identical-proof bouts",boys,2026,2,no,3,0,0,4.7,Fort Campbell Region 1 JV Regions,2025-12-22,80,vs. Union County,2025-12-20,64
444,rejected,no,"one is a dual, the other a tournament, and no identical-proof bouts",boys,2026,3,no,3,0,0,37.5,1st Annual Pike County Wrestling Tournament,2026-02-10,39,vs. Pikeville,2026-02-13,8
445,rejected,no,"one is a dual, the other a tournament, and no identical-proof bouts",boys,2026,3,no,2,0,0,10.5,Cougar Classic,2025-11-29,90,vs. Pulaski County,2025-12-02,19
446,rejected,no,"one is a dual, the other a tournament, and no identical-proof bouts",boys,2026,3,no,2,0,0,14.3,Ashland Invitational Tournament,2025-12-13,190,vs. Russell,2025-12-16,14
447,rejected,no,"one is a dual, the other a tournament, and no identical-proof bouts",boys,2026,3,no,2,0,0,8.7,5th Annual Cardinal Clash,2025-12-20,390,vs. North Hardin,2025-12-23,23
448,rejected,no,"one is a dual, the other a tournament, and no identical-proof bouts",boys,2026,3,no,2,0,0,8.0,Christian County Invitational,2025-12-23,190,vs. Owensboro,2025-12-20,25
449,rejected,no,"one is a dual, the other a tournament, and no identical-proof bouts",boys,2026,1,no,2,0,0,9.1,Fern Creek Gladiator,2025-12-30,276,vs. Valley,2025-12-29,22
450,rejected,no,"one is a dual, the other a tournament, and no identical-proof bouts",boys,2026,1,no,2,0,0,18.2,Fern Creek Gladiator,2025-12-30,276,vs. Evansville F.j. Reitz,2025-12-29,11
452,rejected,no,"one is a dual, the other a tournament, and no identical-proof bouts",boys,2026,3,no,2,0,0,20.0,2026 Lou City Wrestling,2026-01-10,290,vs. Jeffersontown,2026-01-07,10
453,rejected,no,"one is a dual, the other a tournament, and no identical-proof bouts",boys,2026,1,yes,2,0,0,22.2,63rd People`s Bank of Seneca,2026-01-31,43,vs. Seneca,2026-01-30,9
455,rejected,no,shared bouts have different real results (times/scores differ),boys,2026,9,yes,1,0,2,2.5,vs. Whitley County,2025-12-13,70,vs. Whitley County,2025-12-22,40
456,rejected,no,shared bouts have different real results (times/scores differ),boys,2026,14,yes,1,0,4,5.6,vs. Pineville,2025-12-27,18,vs. Pineville,2026-01-10,21
457,rejected,no,shared bouts have different real results (times/scores differ),boys,2026,1,no,1,0,1,0.9,NKAC,2025-12-27,233,Region 5 JV Wrestling Tournament,2025-12-26,108
458,rejected,no,shared bouts have different real results (times/scores differ),boys,2026,11,yes,0,0,5,0.0,vs. Male,2025-11-25,21,vs. Male,2025-12-06,44
459,rejected,no,shared bouts have different real results (times/scores differ),boys,2026,10,yes,0,0,5,0.0,vs. Russellville,2025-12-09,6,vs. Russellville,2025-12-19,9
460,rejected,no,shared bouts have different real results (times/scores differ),boys,2026,10,yes,0,0,2,0.0,5th Annual Cardinal Clash,2025-12-20,390,Cardinal Invitational,2025-12-30,197
461,rejected,no,shared bouts have different real results (times/scores differ),boys,2026,1,no,0,0,2,0.0,Christian County Invitational,2025-12-23,190,Fort Campbell Region 1 JV Regions,2025-12-22,80
462,rejected,no,shared bouts have different real results (times/scores differ),boys,2026,14,yes,0,0,4,0.0,vs. South Warren,2026-01-03,37,vs. South Warren,2026-01-17,71
463,rejected,no,shared bouts have different real results (times/scores differ),boys,2026,10,yes,0,0,2,0.0,vs. Warren Central,2026-01-07,26,vs. Warren Central,2026-01-17,28
464,rejected,no,shared bouts have different real results (times/scores differ),boys,2026,5,yes,0,0,5,0.0,vs. Pineville,2026-01-10,21,vs. Pineville,2026-01-15,18
465,rejected,no,shared bouts have different real results (times/scores differ),boys,2026,9,yes,0,0,4,0.0,vs. South Warren,2026-01-13,9,vs. South Warren,2026-01-22,7
466,rejected,no,shared bouts have different real results (times/scores differ),boys,2026,2,no,0,0,3,0.0,Dragon Invitational,2026-01-17,359,vs. Moore,2026-01-15,14
467,rejected,no,shared bouts have different real results (times/scores differ),boys,2026,4,yes,0,0,2,0.0,vs. Southern,2026-01-17,22,vs. Southern,2026-01-21,12
468,rejected,no,shared bouts have different real results (times/scores differ),boys,2026,2,no,0,0,4,0.0,2026 Region 2 JV Tournament,2026-01-19,233,vs. South Warren,2026-01-17,71
469,rejected,no,shared bouts have different real results (times/scores differ),boys,2026,13,yes,0,0,2,0.0,KHSAA Boys/Coed Region 8,2026-02-21,279,region 8 JV Region Tournament,2026-02-08,45
