weight,round,result_type,winner_name,winner_team,winner_conf,winner_seed,winner_tpar_v1,winner_tpar_v3b,loser_name,loser_team,loser_conf,loser_seed,loser_tpar_v1,loser_tpar_v3b
125,Final,Dec,Luke Lilledahl,Penn State,Big Ten,1,4.8830,5.0780,Marc-Anthony McGowan,Princeton,CAA,10,2.6584,2.7553
125,3rd,MD,Nico Provo,Stanford,ACC,7,2.8472,3.0339,Vincent Robinson,NC State,ACC,12,2.8926,3.0242
125,5th,Fall,Troy Spratley,Oklahoma State,Big 12,5,3.3132,3.5395,Jacob Moran,Indiana,Big Ten,14,2.7268,2.9418
125,7th,MD,Jore Volk,Minnesota,Big Ten,6,2.7833,3.0226,Tyler Klinsky,Rider,MAC,11,3.5848,3.6248
125,C_SF,Dec,Nico Provo,Stanford,ACC,7,2.8472,3.0339,Jacob Moran,Indiana,Big Ten,14,2.7268,2.9418
125,C_SF,TB-1,Vincent Robinson,NC State,ACC,12,2.8926,3.0242,Troy Spratley,Oklahoma State,Big 12,5,3.3132,3.5395
125,C_QF,MD,Nico Provo,Stanford,ACC,7,2.8472,3.0339,Tyler Klinsky,Rider,MAC,11,3.5848,3.6248
125,C_QF,SV-1,Vincent Robinson,NC State,ACC,12,2.8926,3.0242,Jore Volk,Minnesota,Big Ten,6,2.7833,3.0226
125,C_R4,Dec,Nico Provo,Stanford,ACC,7,2.8472,3.0339,Sheldon Seymour,Lehigh,EIWA,4,4.1390,4.2035
125,C_R4,Dec,Tyler Klinsky,Rider,MAC,11,3.5848,3.6248,Dean Peterson,Iowa,Big Ten,8,2.2258,2.4437
125,C_R4,SV-1,Vincent Robinson,NC State,ACC,12,2.8926,3.0242,Eddie Ventresca,Virginia Tech,ACC,2,3.8890,3.9950
125,C_R4,Dec,Jore Volk,Minnesota,Big Ten,6,2.7833,3.0226,Jett Strickenberger,West Virginia,Big 12,17,1.9264,2.0844
125,SF,Dec,Luke Lilledahl,Penn State,Big Ten,1,4.8830,5.0780,Troy Spratley,Oklahoma State,Big 12,5,3.3132,3.5395
125,SF,Dec,Marc-Anthony McGowan,Princeton,CAA,10,2.6584,2.7553,Jacob Moran,Indiana,Big Ten,14,2.7268,2.9418
125,C_R3,Dec,Nico Provo,Stanford,ACC,7,2.8472,3.0339,Ezekiel Witt,North Dakota State,Big 12,16,2.0212,2.2188
125,C_R3,Fall,Tyler Klinsky,Rider,MAC,11,3.5848,3.6248,Nic Bouzakis,Ohio State,Big Ten,3,4.1794,4.4028
125,C_R3,MD,Vincent Robinson,NC State,ACC,12,2.8926,3.0242,Stevo Poulin,Iowa State,Big 12,13,2.7057,2.9243
125,C_R3,Dec,Jett Strickenberger,West Virginia,Big 12,17,1.9264,2.0844,Cooper Flynn,Chattanooga,SoCon,26,2.1587,2.0448
125,C_R2,MD,Ezekiel Witt,North Dakota State,Big 12,16,2.0212,2.2188,Spencer Moore,Illinois,Big Ten,18,2.1442,2.3487
125,C_R2,MD,Nico Provo,Stanford,ACC,7,2.8472,3.0339,Kael Lauridsen,Nebraska,Big Ten,25,0.7680,0.9408
125,C_R2,MD,Tyler Klinsky,Rider,MAC,11,3.5848,3.6248,Conrad Hendriksen,Oklahoma,Big 12,21,1.0367,1.2196
125,C_R2,Fall,Nic Bouzakis,Ohio State,Big Ten,3,4.1794,4.4028,Tyler Chappell,Pittsburgh,ACC,29,0.7152,0.7574
125,C_R2,Dec,Stevo Poulin,Iowa State,Big 12,13,2.7057,2.9243,Kysen Terukina,North Carolina,ACC,19,1.9832,2.1668
125,C_R2,Dec,Vincent Robinson,NC State,ACC,12,2.8926,3.0242,Brady Roark,South Dakota State,Big 12,27,1.5304,1.7880
125,C_R2,Dec,Cooper Flynn,Chattanooga,SoCon,26,2.1587,2.0448,Maximo Renteria,Oregon State,Pac-12,9,3.0100,3.1156
125,C_R2,MD,Jett Strickenberger,West Virginia,Big 12,17,1.9264,2.0844,Desmond Pleasant,Drexel,EIWA,31,1.8276,1.9149
125,QF,TB-1,Luke Lilledahl,Penn State,Big Ten,1,4.8830,5.0780,Dean Peterson,Iowa,Big Ten,8,2.2258,2.4437
125,QF,Dec,Troy Spratley,Oklahoma State,Big 12,5,3.3132,3.5395,Sheldon Seymour,Lehigh,EIWA,4,4.1390,4.2035
125,QF,Dec,Jacob Moran,Indiana,Big Ten,14,2.7268,2.9418,Jore Volk,Minnesota,Big Ten,6,2.7833,3.0226
125,QF,Unknown,Marc-Anthony McGowan,Princeton,CAA,10,2.6584,2.7553,Eddie Ventresca,Virginia Tech,ACC,2,3.8890,3.9950
125,C_R1,Dec,Ezekiel Witt,North Dakota State,Big 12,16,2.0212,2.2188,Mack Mauger,Missouri,Big 12,32,1.1012,1.4056
125,C_R1,Dec,Kael Lauridsen,Nebraska,Big Ten,25,0.7680,0.9408,Ayden Smith,Rutgers,Big Ten,24,1.1833,1.3174
125,C_R1,Dec,Conrad Hendriksen,Oklahoma,Big 12,21,1.0367,1.2196,Andrew Binni,Navy,EIWA,28,1.5550,1.5271
125,C_R1,Dec,Tyler Chappell,Pittsburgh,ACC,29,0.7152,0.7574,Diego Sotelo,Michigan,Big Ten,20,0.8317,0.9926
125,C_R1,Dec,Kysen Terukina,North Carolina,ACC,19,1.9832,2.1668,Sulayman Bah,Columbia,CAA,30,1.3051,1.3349
125,C_R1,MD,Brady Roark,South Dakota State,Big 12,27,1.5304,1.7880,Davis Motyka,Penn,CAA,22,2.1058,2.2000
125,C_R1,Dec,Cooper Flynn,Chattanooga,SoCon,26,2.1587,2.0448,Nicolar Rivera,Wisconsin,Big Ten,23,1.5108,1.7681
125,C_R1,Dec,Desmond Pleasant,Drexel,EIWA,31,1.8276,1.9149,Koda Holeman,Cal Poly,Pac-12,15,2.3224,2.5588
125,C_PIG,MD,Sulayman Bah,Columbia,CAA,30,1.3051,1.3349,Jace Schafer,Bloomsburg,MAC,33,1.6996,1.5307
125,R16,Dec,Luke Lilledahl,Penn State,Big Ten,1,4.8830,5.0780,Jett Strickenberger,West Virginia,Big 12,17,1.9264,2.0844
125,R16,Dec,Dean Peterson,Iowa,Big Ten,8,2.2258,2.4437,Maximo Renteria,Oregon State,Pac-12,9,3.0100,3.1156
125,R16,Dec,Troy Spratley,Oklahoma State,Big 12,5,3.3132,3.5395,Vincent Robinson,NC State,ACC,12,2.8926,3.0242
125,R16,Dec,Sheldon Seymour,Lehigh,EIWA,4,4.1390,4.2035,Stevo Poulin,Iowa State,Big 12,13,2.7057,2.9243
125,R16,MD,Jacob Moran,Indiana,Big Ten,14,2.7268,2.9418,Nic Bouzakis,Ohio State,Big Ten,3,4.1794,4.4028
125,R16,Dec,Jore Volk,Minnesota,Big Ten,6,2.7833,3.0226,Tyler Klinsky,Rider,MAC,11,3.5848,3.6248
125,R16,Dec,Marc-Anthony McGowan,Princeton,CAA,10,2.6584,2.7553,Nico Provo,Stanford,ACC,7,2.8472,3.0339
125,R16,Dec,Eddie Ventresca,Virginia Tech,ACC,2,3.8890,3.9950,Spencer Moore,Illinois,Big Ten,18,2.1442,2.3487
125,R32,MD,Luke Lilledahl,Penn State,Big Ten,1,4.8830,5.0780,Mack Mauger,Missouri,Big 12,32,1.1012,1.4056
125,R32,MD,Jett Strickenberger,West Virginia,Big 12,17,1.9264,2.0844,Ezekiel Witt,North Dakota State,Big 12,16,2.0212,2.2188
125,R32,Dec,Maximo Renteria,Oregon State,Pac-12,9,3.0100,3.1156,Ayden Smith,Rutgers,Big Ten,24,1.1833,1.3174
125,R32,MD,Dean Peterson,Iowa,Big Ten,8,2.2258,2.4437,Kael Lauridsen,Nebraska,Big Ten,25,0.7680,0.9408
125,R32,MD,Troy Spratley,Oklahoma State,Big 12,5,3.3132,3.5395,Andrew Binni,Navy,EIWA,28,1.5550,1.5271
125,R32,Dec,Vincent Robinson,NC State,ACC,12,2.8926,3.0242,Conrad Hendriksen,Oklahoma,Big 12,21,1.0367,1.2196
125,R32,Dec,Stevo Poulin,Iowa State,Big 12,13,2.7057,2.9243,Diego Sotelo,Michigan,Big Ten,20,0.8317,0.9926
125,R32,Fall,Sheldon Seymour,Lehigh,EIWA,4,4.1390,4.2035,Tyler Chappell,Pittsburgh,ACC,29,0.7152,0.7574
125,R32,Dec,Nic Bouzakis,Ohio State,Big Ten,3,4.1794,4.4028,Sulayman Bah,Columbia,CAA,30,1.3051,1.3349
125,R32,Dec,Jacob Moran,Indiana,Big Ten,14,2.7268,2.9418,Kysen Terukina,North Carolina,ACC,19,1.9832,2.1668
125,R32,TF,Tyler Klinsky,Rider,MAC,11,3.5848,3.6248,Davis Motyka,Penn,CAA,22,2.1058,2.2000
125,R32,Dec,Jore Volk,Minnesota,Big Ten,6,2.7833,3.0226,Brady Roark,South Dakota State,Big 12,27,1.5304,1.7880
125,R32,Dec,Nico Provo,Stanford,ACC,7,2.8472,3.0339,Cooper Flynn,Chattanooga,SoCon,26,2.1587,2.0448
125,R32,Fall,Marc-Anthony McGowan,Princeton,CAA,10,2.6584,2.7553,Nicolar Rivera,Wisconsin,Big Ten,23,1.5108,1.7681
125,R32,SV-1,Spencer Moore,Illinois,Big Ten,18,2.1442,2.3487,Koda Holeman,Cal Poly,Pac-12,15,2.3224,2.5588
125,R32,Dec,Eddie Ventresca,Virginia Tech,ACC,2,3.8890,3.9950,Desmond Pleasant,Drexel,EIWA,31,1.8276,1.9149
125,PIG,Dec,Mack Mauger,Missouri,Big 12,32,1.1012,1.4056,Jace Schafer,Bloomsburg,MAC,33,1.6996,1.5307
133,Final,Dec,Jax Forrest,Oklahoma State,Big 12,1,5.3053,5.6647,Ben Davino,Ohio State,Big Ten,2,4.1763,4.4341
133,3rd,Dec,Aaron Seidel,Virginia Tech,ACC,4,4.7531,4.9194,Marcus Blaze,Penn State,Big Ten,3,4.6204,4.8561
133,5th,MD,Drake Ayala,Iowa,Big Ten,6,2.6715,3.0255,Tyler Knox,Stanford,ACC,15,2.0356,2.2811
133,7th,TB-1,Jacob Van Dee,Nebraska,Big Ten,13,2.1983,2.4625,Lucas Byrd,Illinois,Big Ten,7,3.0914,3.3950
133,C_SF,TF,Marcus Blaze,Penn State,Big Ten,3,4.6204,4.8561,Tyler Knox,Stanford,ACC,15,2.0356,2.2811
133,C_SF,MD,Aaron Seidel,Virginia Tech,ACC,4,4.7531,4.9194,Drake Ayala,Iowa,Big Ten,6,2.6715,3.0255
133,C_QF,Dec,Tyler Knox,Stanford,ACC,15,2.0356,2.2811,Jacob Van Dee,Nebraska,Big Ten,13,2.1983,2.4625
133,C_QF,Dec,Drake Ayala,Iowa,Big Ten,6,2.6715,3.0255,Lucas Byrd,Illinois,Big Ten,7,3.0914,3.3950
133,C_R4,Dec,Tyler Knox,Stanford,ACC,15,2.0356,2.2811,Kyler Larkin,Arizona State,Big 12,5,3.8082,4.0882
133,C_R4,Dec,Jacob Van Dee,Nebraska,Big Ten,13,2.1983,2.4625,Markel Baker,Northern Illinois,MAC,8,2.8407,2.8955
133,C_R4,Dec,Lucas Byrd,Illinois,Big Ten,7,3.0914,3.3950,Julian Farber,Northern Iowa,Big 12,20,1.8658,2.1477
133,C_R4,Dec,Drake Ayala,Iowa,Big Ten,6,2.6715,3.0255,Maximilian Leete,American,EIWA,10,1.9195,2.0579
133,SF,MD,Jax Forrest,Oklahoma State,Big 12,1,5.3053,5.6647,Aaron Seidel,Virginia Tech,ACC,4,4.7531,4.9194
133,SF,TB-1,Ben Davino,Ohio State,Big Ten,2,4.1763,4.4341,Marcus Blaze,Penn State,Big Ten,3,4.6204,4.8561
133,C_R3,Dec,Tyler Knox,Stanford,ACC,15,2.0356,2.2811,Braxton Brown,Maryland,Big Ten,23,1.5082,1.7064
133,C_R3,MD,Jacob Van Dee,Nebraska,Big Ten,13,2.1983,2.4625,Garrett Grice,Iowa State,Big 12,28,1.4770,1.8140
133,C_R3,Dec,Julian Farber,Northern Iowa,Big 12,20,1.8658,2.1477,Evan Mougalian,Penn,CAA,12,2.7563,2.8492
133,C_R3,Dec,Maximilian Leete,American,EIWA,10,1.9195,2.0579,T.K. Davis,Gardner-Webb,SoCon,17,3.4253,3.3393
133,C_R2,SV-1,Tyler Knox,Stanford,ACC,15,2.0356,2.2811,Zan Fugitt,Wisconsin,Big Ten,16,2.5222,2.7674
133,C_R2,Dec,Braxton Brown,Maryland,Big Ten,23,1.5082,1.7064,Will Betancourt,Rider,MAC,25,1.6731,1.6619
133,C_R2,Dec,Garrett Grice,Iowa State,Big 12,28,1.4770,1.8140,Tyler Ferrara,Cornell,CAA,11,2.6257,2.7593
133,C_R2,Dec,Jacob Van Dee,Nebraska,Big Ten,13,2.1983,2.4625,Gage Walker,Missouri,Big 12,19,1.7515,2.0150
133,C_R2,Dec,Julian Farber,Northern Iowa,Big 12,20,1.8658,2.1477,Ethan Berginc,Army West Point,EIWA,14,2.5086,2.5364
133,C_R2,Fall,Evan Mougalian,Penn,CAA,12,2.7563,2.8492,Marcel Lopez,SIU Edwardsville,MAC,27,1.3683,1.4507
133,C_R2,SV-1,Maximilian Leete,American,EIWA,10,1.9195,2.0579,Dominick Serrano,Northern Colorado,Big 12,9,2.4011,2.7526
133,C_R2,Dec,T.K. Davis,Gardner-Webb,SoCon,17,3.4253,3.3393,Gunner Andrick,West Virginia,Big 12,18,2.5203,2.7666
133,QF,TF,Jax Forrest,Oklahoma State,Big 12,1,5.3053,5.6647,Markel Baker,Northern Illinois,MAC,8,2.8407,2.8955
133,QF,TF,Aaron Seidel,Virginia Tech,ACC,4,4.7531,4.9194,Kyler Larkin,Arizona State,Big 12,5,3.8082,4.0882
133,QF,Dec,Marcus Blaze,Penn State,Big Ten,3,4.6204,4.8561,Drake Ayala,Iowa,Big Ten,6,2.6715,3.0255
133,QF,MD,Ben Davino,Ohio State,Big Ten,2,4.1763,4.4341,Lucas Byrd,Illinois,Big Ten,7,3.0914,3.3950
133,C_R1,Dec,Zan Fugitt,Wisconsin,Big Ten,16,2.5222,2.7674,Carter Schmidt,Oklahoma,Big 12,33,-0.3724,-0.1481
133,C_R1,SV-1,Will Betancourt,Rider,MAC,25,1.6731,1.6619,Blake Boarman,Purdue,Big Ten,24,-0.1000,0.0904
133,C_R1,Dec,Garrett Grice,Iowa State,Big 12,28,1.4770,1.8140,Sean Spidle,Northwestern,Big Ten,21,1.0050,1.2255
133,C_R1,SV-1,Jacob Van Dee,Nebraska,Big Ten,13,2.1983,2.4625,Luke Willochell,Wyoming,Big 12,29,1.3415,1.6704
133,C_R1,MD,Ethan Berginc,Army West Point,EIWA,14,2.5086,2.5364,Andrew Austin,Central Michigan,MAC,32,0.8243,0.8997
133,C_R1,Forfeit,Marcel Lopez,SIU Edwardsville,MAC,27,1.3683,1.4507,Zach Redding,NC State,ACC,22,1.3433,1.5010
133,C_R1,Dec,Maximilian Leete,American,EIWA,10,1.9195,2.0579,Dylan Shawver,Rutgers,Big Ten,26,1.3671,1.5619
133,C_R1,Dec,Gunner Andrick,West Virginia,Big 12,18,2.5203,2.7666,Gable Strickland,Lock Haven,MAC,31,1.4705,1.4316
133,C_PIG,Dec,Andrew Austin,Central Michigan,MAC,32,0.8243,0.8997,Gabe Whisenhunt,Oregon State,Pac-12,30,0.3144,0.3906
133,R16,TF,Jax Forrest,Oklahoma State,Big 12,1,5.3053,5.6647,T.K. Davis,Gardner-Webb,SoCon,17,3.4253,3.3393
133,R16,SV-1,Markel Baker,Northern Illinois,MAC,8,2.8407,2.8955,Dominick Serrano,Northern Colorado,Big 12,9,2.4011,2.7526
133,R16,Fall,Kyler Larkin,Arizona State,Big 12,5,3.8082,4.0882,Evan Mougalian,Penn,CAA,12,2.7563,2.8492
133,R16,TF,Aaron Seidel,Virginia Tech,ACC,4,4.7531,4.9194,Julian Farber,Northern Iowa,Big 12,20,1.8658,2.1477
133,R16,TF,Marcus Blaze,Penn State,Big Ten,3,4.6204,4.8561,Gage Walker,Missouri,Big 12,19,1.7515,2.0150
133,R16,TF,Drake Ayala,Iowa,Big Ten,6,2.6715,3.0255,Tyler Ferrara,Cornell,CAA,11,2.6257,2.7593
133,R16,Dec,Lucas Byrd,Illinois,Big Ten,7,3.0914,3.3950,Braxton Brown,Maryland,Big Ten,23,1.5082,1.7064
133,R16,TF,Ben Davino,Ohio State,Big Ten,2,4.1763,4.4341,Tyler Knox,Stanford,ACC,15,2.0356,2.2811
133,R32,Fall,Jax Forrest,Oklahoma State,Big 12,1,5.3053,5.6647,Carter Schmidt,Oklahoma,Big 12,33,-0.3724,-0.1481
133,R32,Dec,T.K. Davis,Gardner-Webb,SoCon,17,3.4253,3.3393,Zan Fugitt,Wisconsin,Big Ten,16,2.5222,2.7674
133,R32,Dec,Dominick Serrano,Northern Colorado,Big 12,9,2.4011,2.7526,Blake Boarman,Purdue,Big Ten,24,-0.1000,0.0904
133,R32,Dec,Markel Baker,Northern Illinois,MAC,8,2.8407,2.8955,Will Betancourt,Rider,MAC,25,1.6731,1.6619
133,R32,MD,Kyler Larkin,Arizona State,Big 12,5,3.8082,4.0882,Garrett Grice,Iowa State,Big 12,28,1.4770,1.8140
133,R32,Dec,Evan Mougalian,Penn,CAA,12,2.7563,2.8492,Sean Spidle,Northwestern,Big Ten,21,1.0050,1.2255
133,R32,Dec,Julian Farber,Northern Iowa,Big 12,20,1.8658,2.1477,Jacob Van Dee,Nebraska,Big Ten,13,2.1983,2.4625
133,R32,TF,Aaron Seidel,Virginia Tech,ACC,4,4.7531,4.9194,Luke Willochell,Wyoming,Big 12,29,1.3415,1.6704
133,R32,TF,Marcus Blaze,Penn State,Big Ten,3,4.6204,4.8561,Gabe Whisenhunt,Oregon State,Pac-12,30,0.3144,0.3906
133,R32,Dec,Gage Walker,Missouri,Big 12,19,1.7515,2.0150,Ethan Berginc,Army West Point,EIWA,14,2.5086,2.5364
133,R32,Dec,Tyler Ferrara,Cornell,CAA,11,2.6257,2.7593,Zach Redding,NC State,ACC,22,1.3433,1.5010
133,R32,MD,Drake Ayala,Iowa,Big Ten,6,2.6715,3.0255,Marcel Lopez,SIU Edwardsville,MAC,27,1.3683,1.4507
133,R32,Dec,Lucas Byrd,Illinois,Big Ten,7,3.0914,3.3950,Dylan Shawver,Rutgers,Big Ten,26,1.3671,1.5619
133,R32,Dec,Braxton Brown,Maryland,Big Ten,23,1.5082,1.7064,Maximilian Leete,American,EIWA,10,1.9195,2.0579
133,R32,Dec,Tyler Knox,Stanford,ACC,15,2.0356,2.2811,Gunner Andrick,West Virginia,Big 12,18,2.5203,2.7666
133,R32,TF,Ben Davino,Ohio State,Big Ten,2,4.1763,4.4341,Gable Strickland,Lock Haven,MAC,31,1.4705,1.4316
133,PIG,MD,Carter Schmidt,Oklahoma,Big 12,33,-0.3724,-0.1481,Andrew Austin,Central Michigan,MAC,32,0.8243,0.8997
141,Final,SV-1,Sergio Vega,Oklahoma State,Big 12,2,4.5835,4.9070,Jesse Mendez,Ohio State,Big Ten,1,5.6391,5.8686
141,3rd,Dec,Luke Stanich,Lehigh,EIWA,5,4.6925,4.6875,Brock Hardy,Nebraska,Big Ten,3,4.0427,4.2588
141,5th,Forfeit,Carter Nogle,Air Force,Big 12,18,2.5210,2.6568,Anthony Echemendia,Iowa State,Big 12,4,3.8133,4.0708
141,7th,Fall,CJ Composto,Penn,CAA,11,2.7519,2.8871,Wyatt Henson,Lock Haven,MAC,13,2.9525,2.9046
141,C_SF,Forfeit,Brock Hardy,Nebraska,Big Ten,3,4.0427,4.2588,Anthony Echemendia,Iowa State,Big 12,4,3.8133,4.0708
141,C_SF,Dec,Luke Stanich,Lehigh,EIWA,5,4.6925,4.6875,Carter Nogle,Air Force,Big 12,18,2.5210,2.6568
141,C_QF,MD,Anthony Echemendia,Iowa State,Big 12,4,3.8133,4.0708,CJ Composto,Penn,CAA,11,2.7519,2.8871
141,C_QF,Dec,Carter Nogle,Air Force,Big 12,18,2.5210,2.6568,Wyatt Henson,Lock Haven,MAC,13,2.9525,2.9046
141,C_R4,Inj.,Anthony Echemendia,Iowa State,Big 12,4,3.8133,4.0708,Elijah Griffin,Rider,MAC,15,2.6243,2.6660
141,C_R4,Dec,CJ Composto,Penn,CAA,11,2.7519,2.8871,Vance Vombaur,Minnesota,Big Ten,8,2.4781,2.7858
141,C_R4,Dec,Wyatt Henson,Lock Haven,MAC,13,2.9525,2.9046,Nasir Bailey,Iowa,Big Ten,7,2.4438,2.7090
141,C_R4,Fall,Carter Nogle,Air Force,Big 12,18,2.5210,2.6568,Vince Cornella,Cornell,CAA,6,3.5091,3.6896
141,SF,SV-1,Jesse Mendez,Ohio State,Big Ten,1,5.6391,5.8686,Luke Stanich,Lehigh,EIWA,5,4.6925,4.6875
141,SF,Dec,Sergio Vega,Oklahoma State,Big 12,2,4.5835,4.9070,Brock Hardy,Nebraska,Big Ten,3,4.0427,4.2588
141,C_R3,Dec,Elijah Griffin,Rider,MAC,15,2.6243,2.6660,Jack Consiglio,Stanford,ACC,10,2.3221,2.6442
141,C_R3,Dec,CJ Composto,Penn,CAA,11,2.7519,2.8871,Braeden Davis,Penn State,Big Ten,14,2.4026,2.5763
141,C_R3,Dec,Wyatt Henson,Lock Haven,MAC,13,2.9525,2.9046,Tyler Wells,Oklahoma,Big 12,21,1.3844,1.6300
141,C_R3,Dec,Carter Nogle,Air Force,Big 12,18,2.5210,2.6568,Dylan Chappell,Bucknell,EIWA,23,1.4829,1.5732
141,C_R2,Dec,Elijah Griffin,Rider,MAC,15,2.6243,2.6660,Ryan Jack,NC State,ACC,16,2.4505,2.6395
141,C_R2,Dec,Jack Consiglio,Stanford,ACC,10,2.3221,2.6442,Joey Olivieri,Rutgers,Big Ten,9,3.6045,3.6432
141,C_R2,Dec,CJ Composto,Penn,CAA,11,2.7519,2.8871,Luke Simcox,North Carolina,ACC,12,2.0540,2.3225
141,C_R2,Dec,Braeden Davis,Penn State,Big Ten,14,2.4026,2.5763,Jordan Titus,West Virginia,Big 12,29,0.5987,0.6768
141,C_R2,Dec,Wyatt Henson,Lock Haven,MAC,13,2.9525,2.9046,Haiden Drury,Utah Valley,Big 12,19,1.8723,2.1040
141,C_R2,Dec,Tyler Wells,Oklahoma,Big 12,21,1.3844,1.6300,Gable Porter,Virginia,ACC,27,2.1290,2.2238
141,C_R2,Dec,Dylan Chappell,Bucknell,EIWA,23,1.4829,1.5732,Nash Singleton,Oregon State,Pac-12,24,1.5885,1.7565
141,C_R2,Dec,Carter Nogle,Air Force,Big 12,18,2.5210,2.6568,Caedyn Ricciardi,Navy,EIWA,17,2.5644,2.5811
141,QF,MD,Jesse Mendez,Ohio State,Big Ten,1,5.6391,5.8686,Vance Vombaur,Minnesota,Big Ten,8,2.4781,2.7858
141,QF,Dec,Luke Stanich,Lehigh,EIWA,5,4.6925,4.6875,Anthony Echemendia,Iowa State,Big 12,4,3.8133,4.0708
141,QF,Dec,Brock Hardy,Nebraska,Big Ten,3,4.0427,4.2588,Vince Cornella,Cornell,CAA,6,3.5091,3.6896
141,QF,Dec,Sergio Vega,Oklahoma State,Big 12,2,4.5835,4.9070,Nasir Bailey,Iowa,Big Ten,7,2.4438,2.7090
141,C_R1,MD,Ryan Jack,NC State,ACC,16,2.4505,2.6395,Aldo Hernandez,Appalachian State,SoCon,33,0.3487,0.3124
141,C_R1,Dec,Joey Olivieri,Rutgers,Big Ten,9,3.6045,3.6432,Tom Crook,Virginia Tech,ACC,25,1.4148,1.5766
141,C_R1,Dec,Luke Simcox,North Carolina,ACC,12,2.0540,2.3225,Pierson Manville,Arizona State,Big 12,28,1.7561,2.0354
141,C_R1,Dec,Jordan Titus,West Virginia,Big 12,29,0.5987,0.6768,Julian Tagg,South Dakota State,Big 12,20,2.2854,2.5217
141,C_R1,Dec,Haiden Drury,Utah Valley,Big 12,19,1.8723,2.1040,Matthew Martino,Princeton,CAA,32,0.3753,0.4870
141,C_R1,Dec,Gable Porter,Virginia,ACC,27,2.1290,2.2238,Lorenzo Frezza,Columbia,CAA,22,2.3412,2.4052
141,C_R1,TB-1,Dylan Chappell,Bucknell,EIWA,23,1.4829,1.5732,Braden Basile,Army West Point,EIWA,26,1.9268,1.9196
141,C_R1,Fall,Carter Nogle,Air Force,Big 12,18,2.5210,2.6568,Billy DeKraker,Northwestern,Big Ten,31,0.8181,1.0278
141,C_PIG,SV-1,Matthew Martino,Princeton,CAA,32,0.3753,0.4870,Dario Lemus,Maryland,Big Ten,30,0.7568,0.8568
141,R16,TF,Jesse Mendez,Ohio State,Big Ten,1,5.6391,5.8686,Caedyn Ricciardi,Navy,EIWA,17,2.5644,2.5811
141,R16,Dec,Vance Vombaur,Minnesota,Big Ten,8,2.4781,2.7858,Nash Singleton,Oregon State,Pac-12,24,1.5885,1.7565
141,R16,MD,Luke Stanich,Lehigh,EIWA,5,4.6925,4.6875,Tyler Wells,Oklahoma,Big 12,21,1.3844,1.6300
141,R16,MD,Anthony Echemendia,Iowa State,Big 12,4,3.8133,4.0708,Wyatt Henson,Lock Haven,MAC,13,2.9525,2.9046
141,R16,Dec,Brock Hardy,Nebraska,Big Ten,3,4.0427,4.2588,Braeden Davis,Penn State,Big Ten,14,2.4026,2.5763
141,R16,MD,Vince Cornella,Cornell,CAA,6,3.5091,3.6896,CJ Composto,Penn,CAA,11,2.7519,2.8871
141,R16,Dec,Nasir Bailey,Iowa,Big Ten,7,2.4438,2.7090,Jack Consiglio,Stanford,ACC,10,2.3221,2.6442
141,R16,Fall,Sergio Vega,Oklahoma State,Big 12,2,4.5835,4.9070,Elijah Griffin,Rider,MAC,15,2.6243,2.6660
141,R32,Fall,Jesse Mendez,Ohio State,Big Ten,1,5.6391,5.8686,Aldo Hernandez,Appalachian State,SoCon,33,0.3487,0.3124
141,R32,SV-1,Caedyn Ricciardi,Navy,EIWA,17,2.5644,2.5811,Ryan Jack,NC State,ACC,16,2.4505,2.6395
141,R32,Dec,Nash Singleton,Oregon State,Pac-12,24,1.5885,1.7565,Joey Olivieri,Rutgers,Big Ten,9,3.6045,3.6432
141,R32,MD,Vance Vombaur,Minnesota,Big Ten,8,2.4781,2.7858,Tom Crook,Virginia Tech,ACC,25,1.4148,1.5766
141,R32,TF,Luke Stanich,Lehigh,EIWA,5,4.6925,4.6875,Pierson Manville,Arizona State,Big 12,28,1.7561,2.0354
141,R32,Dec,Tyler Wells,Oklahoma,Big 12,21,1.3844,1.6300,Luke Simcox,North Carolina,ACC,12,2.0540,2.3225
141,R32,MD,Wyatt Henson,Lock Haven,MAC,13,2.9525,2.9046,Julian Tagg,South Dakota State,Big 12,20,2.2854,2.5217
141,R32,Dec,Anthony Echemendia,Iowa State,Big 12,4,3.8133,4.0708,Jordan Titus,West Virginia,Big 12,29,0.5987,0.6768
141,R32,TF,Brock Hardy,Nebraska,Big Ten,3,4.0427,4.2588,Dario Lemus,Maryland,Big Ten,30,0.7568,0.8568
141,R32,Dec,Braeden Davis,Penn State,Big Ten,14,2.4026,2.5763,Haiden Drury,Utah Valley,Big 12,19,1.8723,2.1040
141,R32,Dec,CJ Composto,Penn,CAA,11,2.7519,2.8871,Lorenzo Frezza,Columbia,CAA,22,2.3412,2.4052
141,R32,MD,Vince Cornella,Cornell,CAA,6,3.5091,3.6896,Gable Porter,Virginia,ACC,27,2.1290,2.2238
141,R32,MD,Nasir Bailey,Iowa,Big Ten,7,2.4438,2.7090,Braden Basile,Army West Point,EIWA,26,1.9268,1.9196
141,R32,Dec,Jack Consiglio,Stanford,ACC,10,2.3221,2.6442,Dylan Chappell,Bucknell,EIWA,23,1.4829,1.5732
141,R32,Dec,Elijah Griffin,Rider,MAC,15,2.6243,2.6660,Carter Nogle,Air Force,Big 12,18,2.5210,2.6568
141,R32,Dec,Sergio Vega,Oklahoma State,Big 12,2,4.5835,4.9070,Billy DeKraker,Northwestern,Big Ten,31,0.8181,1.0278
141,PIG,Dec,Aldo Hernandez,Appalachian State,SoCon,33,0.3487,0.3124,Matthew Martino,Princeton,CAA,32,0.3753,0.4870
149,Final,SV-1,Aden Valencia,Stanford,ACC,10,2.5583,2.7222,Shayne Van Ness,Penn State,Big Ten,1,4.8804,5.0530
149,3rd,Dec,Lachlan McNeil,Michigan,Big Ten,11,2.4013,2.6565,Chance Lamer,Nebraska,Big Ten,20,1.9243,2.0835
149,5th,Dec,Collin Gaj,Virginia Tech,ACC,4,2.2035,2.4377,Ryder Block,Iowa,Big Ten,15,2.3795,2.6632
149,7th,Dec,Cross Wasilewski,Penn,CAA,3,3.5648,3.6070,Casey Swiderski,Oklahoma State,Big 12,8,2.7775,2.9785
149,C_SF,Dec,Lachlan McNeil,Michigan,Big Ten,11,2.4013,2.6565,Ryder Block,Iowa,Big Ten,15,2.3795,2.6632
149,C_SF,Dec,Chance Lamer,Nebraska,Big Ten,20,1.9243,2.0835,Collin Gaj,Virginia Tech,ACC,4,2.2035,2.4377
149,C_QF,SV-1,Ryder Block,Iowa,Big Ten,15,2.3795,2.6632,Casey Swiderski,Oklahoma State,Big 12,8,2.7775,2.9785
149,C_QF,SV-1,Collin Gaj,Virginia Tech,ACC,4,2.2035,2.4377,Cross Wasilewski,Penn,CAA,3,3.5648,3.6070
149,C_R4,SV-1,Ryder Block,Iowa,Big Ten,15,2.3795,2.6632,Carter Young,Maryland,Big Ten,12,3.3365,3.5771
149,C_R4,Dec,Casey Swiderski,Oklahoma State,Big 12,8,2.7775,2.9785,Gabe Willochell,Wyoming,Big 12,21,1.3796,1.6185
149,C_R4,Dec,Collin Gaj,Virginia Tech,ACC,4,2.2035,2.4377,Jaxon Joy,Cornell,CAA,2,4.7093,4.8604
149,C_R4,Dec,Cross Wasilewski,Penn,CAA,3,3.5648,3.6070,Jacob Frost,Iowa State,Big 12,16,2.2467,2.4100
149,SF,TF,Shayne Van Ness,Penn State,Big Ten,1,4.8804,5.0530,Chance Lamer,Nebraska,Big Ten,20,1.9243,2.0835
149,SF,Dec,Aden Valencia,Stanford,ACC,10,2.5583,2.7222,Lachlan McNeil,Michigan,Big Ten,11,2.4013,2.6565
149,C_R3,MD,Ryder Block,Iowa,Big Ten,15,2.3795,2.6632,Michael Gioffre,Illinois,Big Ten,25,1.8679,2.1157
149,C_R3,MD,Gabe Willochell,Wyoming,Big 12,21,1.3796,1.6185,Caleb Rathjen,Northern Iowa,Big 12,14,1.6469,1.8300
149,C_R3,Dec,Collin Gaj,Virginia Tech,ACC,4,2.2035,2.4377,Koy Buesgens,NC State,ACC,5,3.2939,3.4896
149,C_R3,Dec,Jacob Frost,Iowa State,Big 12,16,2.2467,2.4100,Max Petersen,North Dakota State,Big 12,23,1.8257,1.9713
149,C_R2,Dec,Ryder Block,Iowa,Big Ten,15,2.3795,2.6632,Austin McBurney,Brown,CAA,33,1.0497,0.9756
149,C_R2,TB-1,Michael Gioffre,Illinois,Big Ten,25,1.8679,2.1157,Ethan Stiles,Ohio State,Big Ten,7,2.5457,2.8081
149,C_R2,Dec,Gabe Willochell,Wyoming,Big 12,21,1.3796,1.6185,Caleb Tyus,SIU Edwardsville,MAC,6,3.6545,3.7605
149,C_R2,Dec,Caleb Rathjen,Northern Iowa,Big 12,14,1.6469,1.8300,Kaden Cassidy,George Mason,MAC,29,2.1589,2.1084
149,C_R2,MD,Collin Gaj,Virginia Tech,ACC,4,2.2035,2.4377,Brock Herman,Little Rock,Pac-12,19,2.4160,2.6453
149,C_R2,Dec,Koy Buesgens,NC State,ACC,5,3.2939,3.4896,Andre Gonzales,Cal Poly,Pac-12,27,1.5414,1.6179
149,C_R2,Fall,Max Petersen,North Dakota State,Big 12,23,1.8257,1.9713,David Evans,Utah Valley,Big 12,9,2.8844,3.1256
149,C_R2,Dec,Jacob Frost,Iowa State,Big 12,16,2.2467,2.4100,Eugene Harney,Morgan State,EIWA,18,2.6321,2.6770
149,QF,SV-1,Shayne Van Ness,Penn State,Big Ten,1,4.8804,5.0530,Casey Swiderski,Oklahoma State,Big 12,8,2.7775,2.9785
149,QF,MD,Chance Lamer,Nebraska,Big Ten,20,1.9243,2.0835,Carter Young,Maryland,Big Ten,12,3.3365,3.5771
149,QF,Fall,Lachlan McNeil,Michigan,Big Ten,11,2.4013,2.6565,Cross Wasilewski,Penn,CAA,3,3.5648,3.6070
149,QF,Dec,Aden Valencia,Stanford,ACC,10,2.5583,2.7222,Jaxon Joy,Cornell,CAA,2,4.7093,4.8604
149,C_R1,Dec,Austin McBurney,Brown,CAA,33,1.0497,0.9756,Lucas Kapusta,Lock Haven,MAC,17,2.6959,2.5787
149,C_R1,TF,Michael Gioffre,Illinois,Big Ten,25,1.8679,2.1157,Andrew Clark,Rutgers,Big Ten,24,1.1241,1.2278
149,C_R1,Dec,Gabe Willochell,Wyoming,Big 12,21,1.3796,1.6185,Kade Brown,Pittsburgh,ACC,28,2.1738,2.2196
149,C_R1,Fall,Kaden Cassidy,George Mason,MAC,29,2.1589,2.1084,Joseph Zargo,Wisconsin,Big Ten,13,2.5369,2.7292
149,C_R1,Dec,Brock Herman,Little Rock,Pac-12,19,2.4160,2.6453,Dylan Layton,Rider,MAC,30,2.2052,2.2157
149,C_R1,Dec,Andre Gonzales,Cal Poly,Pac-12,27,1.5414,1.6179,Eligh Rivera,Princeton,CAA,22,1.2152,1.3595
149,C_R1,MD,Max Petersen,North Dakota State,Big 12,23,1.8257,1.9713,Anderson Heap,Davidson,SoCon,26,1.1311,1.0071
149,C_R1,Dec,Eugene Harney,Morgan State,EIWA,18,2.6321,2.6770,Ryan Michaels,Edinboro,MAC,31,1.9803,1.9619
149,C_PIG,Dec,Dylan Layton,Rider,MAC,30,2.2052,2.2157,Clayton Jones,Michigan State,Big Ten,32,-0.4152,-0.3752
149,R16,Fall,Shayne Van Ness,Penn State,Big Ten,1,4.8804,5.0530,Jacob Frost,Iowa State,Big 12,16,2.2467,2.4100
149,R16,MD,Casey Swiderski,Oklahoma State,Big 12,8,2.7775,2.9785,David Evans,Utah Valley,Big 12,9,2.8844,3.1256
149,R16,Dec,Carter Young,Maryland,Big Ten,12,3.3365,3.5771,Koy Buesgens,NC State,ACC,5,3.2939,3.4896
149,R16,Dec,Chance Lamer,Nebraska,Big Ten,20,1.9243,2.0835,Collin Gaj,Virginia Tech,ACC,4,2.2035,2.4377
149,R16,SV-1,Cross Wasilewski,Penn,CAA,3,3.5648,3.6070,Caleb Rathjen,Northern Iowa,Big 12,14,1.6469,1.8300
149,R16,Dec,Lachlan McNeil,Michigan,Big Ten,11,2.4013,2.6565,Caleb Tyus,SIU Edwardsville,MAC,6,3.6545,3.7605
149,R16,Dec,Aden Valencia,Stanford,ACC,10,2.5583,2.7222,Ethan Stiles,Ohio State,Big Ten,7,2.5457,2.8081
149,R16,Dec,Jaxon Joy,Cornell,CAA,2,4.7093,4.8604,Ryder Block,Iowa,Big Ten,15,2.3795,2.6632
149,R32,TF,Shayne Van Ness,Penn State,Big Ten,1,4.8804,5.0530,Austin McBurney,Brown,CAA,33,1.0497,0.9756
149,R32,Fall,Jacob Frost,Iowa State,Big 12,16,2.2467,2.4100,Lucas Kapusta,Lock Haven,MAC,17,2.6959,2.5787
149,R32,Dec,David Evans,Utah Valley,Big 12,9,2.8844,3.1256,Andrew Clark,Rutgers,Big Ten,24,1.1241,1.2278
149,R32,Dec,Casey Swiderski,Oklahoma State,Big 12,8,2.7775,2.9785,Michael Gioffre,Illinois,Big Ten,25,1.8679,2.1157
149,R32,Dec,Koy Buesgens,NC State,ACC,5,3.2939,3.4896,Kade Brown,Pittsburgh,ACC,28,2.1738,2.2196
149,R32,Dec,Carter Young,Maryland,Big Ten,12,3.3365,3.5771,Gabe Willochell,Wyoming,Big 12,21,1.3796,1.6185
149,R32,Dec,Chance Lamer,Nebraska,Big Ten,20,1.9243,2.0835,Joseph Zargo,Wisconsin,Big Ten,13,2.5369,2.7292
149,R32,Dec,Collin Gaj,Virginia Tech,ACC,4,2.2035,2.4377,Kaden Cassidy,George Mason,MAC,29,2.1589,2.1084
149,R32,MD,Cross Wasilewski,Penn,CAA,3,3.5648,3.6070,Dylan Layton,Rider,MAC,30,2.2052,2.2157
149,R32,Dec,Caleb Rathjen,Northern Iowa,Big 12,14,1.6469,1.8300,Brock Herman,Little Rock,Pac-12,19,2.4160,2.6453
149,R32,MD,Lachlan McNeil,Michigan,Big Ten,11,2.4013,2.6565,Eligh Rivera,Princeton,CAA,22,1.2152,1.3595
149,R32,Dec,Caleb Tyus,SIU Edwardsville,MAC,6,3.6545,3.7605,Andre Gonzales,Cal Poly,Pac-12,27,1.5414,1.6179
149,R32,MD,Ethan Stiles,Ohio State,Big Ten,7,2.5457,2.8081,Anderson Heap,Davidson,SoCon,26,1.1311,1.0071
149,R32,MD,Aden Valencia,Stanford,ACC,10,2.5583,2.7222,Max Petersen,North Dakota State,Big 12,23,1.8257,1.9713
149,R32,MD,Ryder Block,Iowa,Big Ten,15,2.3795,2.6632,Eugene Harney,Morgan State,EIWA,18,2.6321,2.6770
149,R32,TF,Jaxon Joy,Cornell,CAA,2,4.7093,4.8604,Ryan Michaels,Edinboro,MAC,31,1.9803,1.9619
149,PIG,Dec,Austin McBurney,Brown,CAA,33,1.0497,0.9756,Clayton Jones,Michigan State,Big Ten,32,-0.4152,-0.3752
157,Final,Dec,Landon Robideau,Oklahoma State,Big 12,5,4.1370,4.3430,Antrell Taylor,Nebraska,Big Ten,2,4.4188,4.6385
157,3rd,TF,PJ Duke,Penn State,Big Ten,1,5.3515,5.5485,Brandon Cannon,Ohio State,Big Ten,8,4.5889,4.8063
157,5th,Forfeit,Kannon Webster,Illinois,Big Ten,7,4.0183,4.1773,Ty Watters,West Virginia,Big 12,11,3.7600,3.8592
157,7th,Forfeit,Cameron Catrabone,Michigan,Big Ten,15,2.4804,2.7019,Meyer Shapiro,Cornell,CAA,3,4.8256,5.0144
157,C_SF,Dec,Brandon Cannon,Ohio State,Big Ten,8,4.5889,4.8063,Ty Watters,West Virginia,Big 12,11,3.7600,3.8592
157,C_SF,Dec,PJ Duke,Penn State,Big Ten,1,5.3515,5.5485,Kannon Webster,Illinois,Big Ten,7,4.0183,4.1773
157,C_QF,Dec,Brandon Cannon,Ohio State,Big Ten,8,4.5889,4.8063,Cameron Catrabone,Michigan,Big Ten,15,2.4804,2.7019
157,C_QF,Dec,Kannon Webster,Illinois,Big Ten,7,4.0183,4.1773,Meyer Shapiro,Cornell,CAA,3,4.8256,5.0144
157,C_R4,Dec,Cameron Catrabone,Michigan,Big Ten,15,2.4804,2.7019,Kaleb Larkin,Arizona State,Big 12,4,4.0244,4.1797
157,C_R4,MD,Brandon Cannon,Ohio State,Big Ten,8,4.5889,4.8063,Jude Swisher,Penn,CAA,6,3.1808,3.2892
157,C_R4,MD,Kannon Webster,Illinois,Big Ten,7,4.0183,4.1773,Kai Owen,Columbia,CAA,19,1.9652,2.0280
157,C_R4,Dec,Meyer Shapiro,Cornell,CAA,3,4.8256,5.0144,Daniel Cardenas,Stanford,ACC,9,4.0857,4.2204
157,SF,TB-1,Landon Robideau,Oklahoma State,Big 12,5,4.1370,4.3430,PJ Duke,Penn State,Big Ten,1,5.3515,5.5485
157,SF,Dec,Antrell Taylor,Nebraska,Big Ten,2,4.4188,4.6385,Ty Watters,West Virginia,Big 12,11,3.7600,3.8592
157,C_R3,Dec,Cameron Catrabone,Michigan,Big Ten,15,2.4804,2.7019,Jaivon Jones,Little Rock,Pac-12,24,1.3730,1.5537
157,C_R3,Dec,Jude Swisher,Penn,CAA,6,3.1808,3.2892,Ethen Miller,Virginia Tech,ACC,14,2.0673,2.2269
157,C_R3,Dec,Kai Owen,Columbia,CAA,19,1.9652,2.0280,Dylan Evans,Pittsburgh,ACC,27,2.1695,2.2268
157,C_R3,TF,Daniel Cardenas,Stanford,ACC,9,4.0857,4.2204,DJ McGee,George Mason,MAC,18,2.6553,2.6656
157,C_R2,Dec,Cameron Catrabone,Michigan,Big Ten,15,2.4804,2.7019,Cael Swensen,South Dakota State,Big 12,16,2.0287,2.2335
157,C_R2,Dec,Jaivon Jones,Little Rock,Pac-12,24,1.3730,1.5537,Logan Rozynski,Lehigh,EIWA,10,3.4613,3.5700
157,C_R2,Dec,Jude Swisher,Penn,CAA,6,3.1808,3.2892,Vinny Zerban,Iowa State,Big 12,12,3.1965,3.4418
157,C_R2,Fall,Ethen Miller,Virginia Tech,ACC,14,2.0673,2.2269,Bryce Lowery,Indiana,Big Ten,29,1.3908,1.5781
157,C_R2,Fall,Kai Owen,Columbia,CAA,19,1.9652,2.0280,Jimmy Harrington,Harvard,CAA,20,1.9128,2.0021
157,C_R2,Dec,Dylan Evans,Pittsburgh,ACC,27,2.1695,2.2268,Charlie Millard,Minnesota,Big Ten,21,2.8203,3.0170
157,C_R2,MD,Daniel Cardenas,Stanford,ACC,9,4.0857,4.2204,Kaleb Burgess,Buffalo,MAC,23,2.0523,2.0691
157,C_R2,Dec,DJ McGee,George Mason,MAC,18,2.6553,2.6656,Luke Mechler,Wisconsin,Big Ten,17,1.3860,1.6556
157,QF,TF,PJ Duke,Penn State,Big Ten,1,5.3515,5.5485,Brandon Cannon,Ohio State,Big Ten,8,4.5889,4.8063
157,QF,SV-1,Landon Robideau,Oklahoma State,Big 12,5,4.1370,4.3430,Kaleb Larkin,Arizona State,Big 12,4,4.0244,4.1797
157,QF,Dec,Ty Watters,West Virginia,Big 12,11,3.7600,3.8592,Meyer Shapiro,Cornell,CAA,3,4.8256,5.0144
157,QF,Dec,Antrell Taylor,Nebraska,Big Ten,2,4.4188,4.6385,Kannon Webster,Illinois,Big Ten,7,4.0183,4.1773
157,C_R1,MD,Cael Swensen,South Dakota State,Big 12,16,2.0287,2.2335,Yannis Charles,Morgan State,EIWA,33,-0.4985,-0.5600
157,C_R1,Dec,Jaivon Jones,Little Rock,Pac-12,24,1.3730,1.5537,Mason Shrader,Central Michigan,MAC,25,1.5791,1.6003
157,C_R1,MD,Vinny Zerban,Iowa State,Big 12,12,3.1965,3.4418,Gavin Drexler,North Dakota State,Big 12,28,1.2977,1.4973
157,C_R1,Fall,Bryce Lowery,Indiana,Big Ten,29,1.3908,1.5781,Derek Raike,Ohio,MAC,13,2.1678,2.1056
157,C_R1,Dec,Kai Owen,Columbia,CAA,19,1.9652,2.0280,Laird Root,North Carolina,ACC,30,1.3885,1.5544
157,C_R1,Dec,Dylan Evans,Pittsburgh,ACC,27,2.1695,2.2268,Colton Washleski,Virginia,ACC,22,1.4955,1.5593
157,C_R1,MD,Kaleb Burgess,Buffalo,MAC,23,2.0523,2.0691,Jonathan Ley,Navy,EIWA,26,1.3949,1.4451
157,C_R1,Dec,DJ McGee,George Mason,MAC,18,2.6553,2.6656,Garrett McChesney,Edinboro,MAC,31,-0.8387,-0.8600
157,C_PIG,Dec,Laird Root,North Carolina,ACC,30,1.3885,1.5544,Jeb Prechtel,Bellarmine,SoCon,32,-0.2648,-0.4155
157,R16,Fall,PJ Duke,Penn State,Big Ten,1,5.3515,5.5485,Luke Mechler,Wisconsin,Big Ten,17,1.3860,1.6556
157,R16,Dec,Brandon Cannon,Ohio State,Big Ten,8,4.5889,4.8063,Daniel Cardenas,Stanford,ACC,9,4.0857,4.2204
157,R16,Dec,Landon Robideau,Oklahoma State,Big 12,5,4.1370,4.3430,Charlie Millard,Minnesota,Big Ten,21,2.8203,3.0170
157,R16,Fall,Kaleb Larkin,Arizona State,Big 12,4,4.0244,4.1797,Jimmy Harrington,Harvard,CAA,20,1.9128,2.0021
157,R16,Dec,Meyer Shapiro,Cornell,CAA,3,4.8256,5.0144,Ethen Miller,Virginia Tech,ACC,14,2.0673,2.2269
157,R16,Dec,Ty Watters,West Virginia,Big 12,11,3.7600,3.8592,Jude Swisher,Penn,CAA,6,3.1808,3.2892
157,R16,MD,Kannon Webster,Illinois,Big Ten,7,4.0183,4.1773,Logan Rozynski,Lehigh,EIWA,10,3.4613,3.5700
157,R16,Dec,Antrell Taylor,Nebraska,Big Ten,2,4.4188,4.6385,Cameron Catrabone,Michigan,Big Ten,15,2.4804,2.7019
157,R32,Fall,PJ Duke,Penn State,Big Ten,1,5.3515,5.5485,Yannis Charles,Morgan State,EIWA,33,-0.4985,-0.5600
157,R32,Dec,Luke Mechler,Wisconsin,Big Ten,17,1.3860,1.6556,Cael Swensen,South Dakota State,Big 12,16,2.0287,2.2335
157,R32,Dec,Daniel Cardenas,Stanford,ACC,9,4.0857,4.2204,Jaivon Jones,Little Rock,Pac-12,24,1.3730,1.5537
157,R32,Dec,Brandon Cannon,Ohio State,Big Ten,8,4.5889,4.8063,Mason Shrader,Central Michigan,MAC,25,1.5791,1.6003
157,R32,Dec,Landon Robideau,Oklahoma State,Big 12,5,4.1370,4.3430,Gavin Drexler,North Dakota State,Big 12,28,1.2977,1.4973
157,R32,Dec,Charlie Millard,Minnesota,Big Ten,21,2.8203,3.0170,Vinny Zerban,Iowa State,Big 12,12,3.1965,3.4418
157,R32,SV-1,Jimmy Harrington,Harvard,CAA,20,1.9128,2.0021,Derek Raike,Ohio,MAC,13,2.1678,2.1056
157,R32,MD,Kaleb Larkin,Arizona State,Big 12,4,4.0244,4.1797,Bryce Lowery,Indiana,Big Ten,29,1.3908,1.5781
157,R32,MD,Meyer Shapiro,Cornell,CAA,3,4.8256,5.0144,Laird Root,North Carolina,ACC,30,1.3885,1.5544
157,R32,Dec,Ethen Miller,Virginia Tech,ACC,14,2.0673,2.2269,Kai Owen,Columbia,CAA,19,1.9652,2.0280
157,R32,Fall,Ty Watters,West Virginia,Big 12,11,3.7600,3.8592,Colton Washleski,Virginia,ACC,22,1.4955,1.5593
157,R32,Dec,Jude Swisher,Penn,CAA,6,3.1808,3.2892,Dylan Evans,Pittsburgh,ACC,27,2.1695,2.2268
157,R32,Dec,Kannon Webster,Illinois,Big Ten,7,4.0183,4.1773,Jonathan Ley,Navy,EIWA,26,1.3949,1.4451
157,R32,Dec,Logan Rozynski,Lehigh,EIWA,10,3.4613,3.5700,Kaleb Burgess,Buffalo,MAC,23,2.0523,2.0691
157,R32,Dec,Cameron Catrabone,Michigan,Big Ten,15,2.4804,2.7019,DJ McGee,George Mason,MAC,18,2.6553,2.6656
157,R32,TF,Antrell Taylor,Nebraska,Big Ten,2,4.4188,4.6385,Garrett McChesney,Edinboro,MAC,31,-0.8387,-0.8600
157,PIG,Dec,Yannis Charles,Morgan State,EIWA,33,-0.4985,-0.5600,Jeb Prechtel,Bellarmine,SoCon,32,-0.2648,-0.4155
165,Final,TF,Mitchell Mesenbrink,Penn State,Big Ten,1,5.7948,5.9457,Mikey Caliendo,Iowa,Big Ten,3,4.1042,4.3175
165,3rd,Dec,Cesar Alvan,Columbia,CAA,12,2.0389,2.0624,Nicco Ruiz,Arizona State,Big 12,4,3.1614,3.3886
165,5th,Forfeit,Andrew Sparks,Minnesota,Big Ten,13,2.6424,2.8924,Joey Blaze,Purdue,Big Ten,2,3.8409,4.0035
165,7th,MD,Bryce Hepner,North Carolina,ACC,9,3.1026,3.2511,Paddy Gallagher,Ohio State,Big Ten,16,1.9600,2.0791
165,C_SF,Dec,Nicco Ruiz,Arizona State,Big 12,4,3.1614,3.3886,Joey Blaze,Purdue,Big Ten,2,3.8409,4.0035
165,C_SF,Dec,Cesar Alvan,Columbia,CAA,12,2.0389,2.0624,Andrew Sparks,Minnesota,Big Ten,13,2.6424,2.8924
165,C_QF,Dec,Nicco Ruiz,Arizona State,Big 12,4,3.1614,3.3886,Bryce Hepner,North Carolina,ACC,9,3.1026,3.2511
165,C_QF,MD,Andrew Sparks,Minnesota,Big Ten,13,2.6424,2.8924,Paddy Gallagher,Ohio State,Big Ten,16,1.9600,2.0791
165,C_R4,Dec,Nicco Ruiz,Arizona State,Big 12,4,3.1614,3.3886,Max Brignola,Lehigh,EIWA,7,3.4330,3.4922
165,C_R4,Dec,Bryce Hepner,North Carolina,ACC,9,3.1026,3.2511,Ryder Downey,Northern Iowa,Big 12,11,2.6821,2.9155
165,C_R4,Dec,Andrew Sparks,Minnesota,Big Ten,13,2.6424,2.8924,Will Denny,NC State,ACC,10,2.6605,2.8400
165,C_R4,SV-1,Paddy Gallagher,Ohio State,Big Ten,16,1.9600,2.0791,EJ Parco,Stanford,ACC,27,0.5768,0.7579
165,SF,TF,Mitchell Mesenbrink,Penn State,Big Ten,1,5.7948,5.9457,Cesar Alvan,Columbia,CAA,12,2.0389,2.0624
165,SF,SV-1,Mikey Caliendo,Iowa,Big Ten,3,4.1042,4.3175,Joey Blaze,Purdue,Big Ten,2,3.8409,4.0035
165,C_R3,Dec,Max Brignola,Lehigh,EIWA,7,3.4330,3.4922,Cody Walsh,Drexel,EIWA,32,0.9036,0.8971
165,C_R3,TF,Ryder Downey,Northern Iowa,Big 12,11,2.6821,2.9155,Noah Mulvaney,Bucknell,EIWA,19,2.0142,1.9850
165,C_R3,Dec,Andrew Sparks,Minnesota,Big Ten,13,2.6424,2.8924,LaDarion Lockett,Oklahoma State,Big 12,5,3.6183,3.8533
165,C_R3,Dec,Paddy Gallagher,Ohio State,Big Ten,16,1.9600,2.0791,Matty Bianchi,Little Rock,Pac-12,8,3.4553,3.5721
165,C_R2,Dec,Cody Walsh,Drexel,EIWA,32,0.9036,0.8971,Connor Euton,Iowa State,Big 12,15,2.3723,2.6965
165,C_R2,SV-1,Max Brignola,Lehigh,EIWA,7,3.4330,3.4922,Sean Seefeldt,Penn,CAA,24,2.0704,2.1419
165,C_R2,TF,Ryder Downey,Northern Iowa,Big 12,11,2.6821,2.9155,Cody Goebel,Wisconsin,Big Ten,28,0.2055,0.3827
165,C_R2,Dec,Noah Mulvaney,Bucknell,EIWA,19,2.0142,1.9850,Ty Whalen,Princeton,CAA,20,2.8242,2.9532
165,C_R2,Dec,Andrew Sparks,Minnesota,Big Ten,13,2.6424,2.8924,Thomas Snipes,The Citadel,SoCon,30,1.2264,1.2039
165,C_R2,TB-1,LaDarion Lockett,Oklahoma State,Big 12,5,3.6183,3.8533,LJ Araujo,Nebraska,Big Ten,6,2.5959,2.7722
165,C_R2,Dec,Matty Bianchi,Little Rock,Pac-12,8,3.4553,3.5721,Tyler Lillard,Indiana,Big Ten,26,1.8168,1.9714
165,C_R2,Dec,Paddy Gallagher,Ohio State,Big Ten,16,1.9600,2.0791,Jared Keslar,Pittsburgh,ACC,31,0.8659,0.9189
165,QF,Dec,Mitchell Mesenbrink,Penn State,Big Ten,1,5.7948,5.9457,Bryce Hepner,North Carolina,ACC,9,3.1026,3.2511
165,QF,Dec,Cesar Alvan,Columbia,CAA,12,2.0389,2.0624,Nicco Ruiz,Arizona State,Big 12,4,3.1614,3.3886
165,QF,MD,Mikey Caliendo,Iowa,Big Ten,3,4.1042,4.3175,EJ Parco,Stanford,ACC,27,0.5768,0.7579
165,QF,Dec,Joey Blaze,Purdue,Big Ten,2,3.8409,4.0035,Will Denny,NC State,ACC,10,2.6605,2.8400
165,C_R1,MD,Cody Walsh,Drexel,EIWA,32,0.9036,0.8971,Braeden Scoles,Illinois,Big Ten,17,2.3250,2.5533
165,C_R1,Dec,Sean Seefeldt,Penn,CAA,24,2.0704,2.1419,Mac Church,Virginia Tech,ACC,25,1.7842,1.8094
165,C_R1,Dec,Cody Goebel,Wisconsin,Big Ten,28,0.2055,0.3827,Brock Woodcock,SIU Edwardsville,MAC,21,2.2126,2.3385
165,C_R1,MD,Ty Whalen,Princeton,CAA,20,2.8242,2.9532,Ryan Burgos,Edinboro,MAC,29,2.1124,2.1292
165,C_R1,TB-1,Thomas Snipes,The Citadel,SoCon,30,1.2264,1.2039,Andrew Barbosa,Rutgers,Big Ten,14,2.1632,2.3656
165,C_R1,TF,LJ Araujo,Nebraska,Big Ten,6,2.5959,2.7722,Matthew Olguin,Oregon State,Pac-12,22,1.9587,2.0693
165,C_R1,Fall,Tyler Lillard,Indiana,Big Ten,26,1.8168,1.9714,Chris Earnest,Kent State,MAC,23,1.9365,1.8600
165,C_R1,MD,Jared Keslar,Pittsburgh,ACC,31,0.8659,0.9189,Gunner Filipowicz,Army West Point,EIWA,18,2.4677,2.4581
165,C_PIG,MD,Thomas Snipes,The Citadel,SoCon,30,1.2264,1.2039,Ryan Vigil,VMI,SoCon,33,0.2217,0.1108
165,R16,MD,Mitchell Mesenbrink,Penn State,Big Ten,1,5.7948,5.9457,Paddy Gallagher,Ohio State,Big Ten,16,1.9600,2.0791
165,R16,Dec,Bryce Hepner,North Carolina,ACC,9,3.1026,3.2511,Matty Bianchi,Little Rock,Pac-12,8,3.4553,3.5721
165,R16,Fall,Cesar Alvan,Columbia,CAA,12,2.0389,2.0624,LaDarion Lockett,Oklahoma State,Big 12,5,3.6183,3.8533
165,R16,TB-1,Nicco Ruiz,Arizona State,Big 12,4,3.1614,3.3886,Andrew Sparks,Minnesota,Big Ten,13,2.6424,2.8924
165,R16,TF,Mikey Caliendo,Iowa,Big Ten,3,4.1042,4.3175,Noah Mulvaney,Bucknell,EIWA,19,2.0142,1.9850
165,R16,Dec,EJ Parco,Stanford,ACC,27,0.5768,0.7579,Ryder Downey,Northern Iowa,Big 12,11,2.6821,2.9155
165,R16,SV-1,Will Denny,NC State,ACC,10,2.6605,2.8400,Max Brignola,Lehigh,EIWA,7,3.4330,3.4922
165,R16,MD,Joey Blaze,Purdue,Big Ten,2,3.8409,4.0035,Connor Euton,Iowa State,Big 12,15,2.3723,2.6965
165,R32,TF,Mitchell Mesenbrink,Penn State,Big Ten,1,5.7948,5.9457,Cody Walsh,Drexel,EIWA,32,0.9036,0.8971
165,R32,MD,Paddy Gallagher,Ohio State,Big Ten,16,1.9600,2.0791,Braeden Scoles,Illinois,Big Ten,17,2.3250,2.5533
165,R32,Dec,Bryce Hepner,North Carolina,ACC,9,3.1026,3.2511,Sean Seefeldt,Penn,CAA,24,2.0704,2.1419
165,R32,TB-1,Matty Bianchi,Little Rock,Pac-12,8,3.4553,3.5721,Mac Church,Virginia Tech,ACC,25,1.7842,1.8094
165,R32,Dec,LaDarion Lockett,Oklahoma State,Big 12,5,3.6183,3.8533,Cody Goebel,Wisconsin,Big Ten,28,0.2055,0.3827
165,R32,MD,Cesar Alvan,Columbia,CAA,12,2.0389,2.0624,Brock Woodcock,SIU Edwardsville,MAC,21,2.2126,2.3385
165,R32,MD,Andrew Sparks,Minnesota,Big Ten,13,2.6424,2.8924,Ty Whalen,Princeton,CAA,20,2.8242,2.9532
165,R32,MD,Nicco Ruiz,Arizona State,Big 12,4,3.1614,3.3886,Ryan Burgos,Edinboro,MAC,29,2.1124,2.1292
165,R32,Fall,Mikey Caliendo,Iowa,Big Ten,3,4.1042,4.3175,Thomas Snipes,The Citadel,SoCon,30,1.2264,1.2039
165,R32,Dec,Noah Mulvaney,Bucknell,EIWA,19,2.0142,1.9850,Andrew Barbosa,Rutgers,Big Ten,14,2.1632,2.3656
165,R32,Dec,Ryder Downey,Northern Iowa,Big 12,11,2.6821,2.9155,Matthew Olguin,Oregon State,Pac-12,22,1.9587,2.0693
165,R32,Dec,EJ Parco,Stanford,ACC,27,0.5768,0.7579,LJ Araujo,Nebraska,Big Ten,6,2.5959,2.7722
165,R32,TB-1,Max Brignola,Lehigh,EIWA,7,3.4330,3.4922,Tyler Lillard,Indiana,Big Ten,26,1.8168,1.9714
165,R32,MD,Will Denny,NC State,ACC,10,2.6605,2.8400,Chris Earnest,Kent State,MAC,23,1.9365,1.8600
165,R32,TF,Connor Euton,Iowa State,Big 12,15,2.3723,2.6965,Gunner Filipowicz,Army West Point,EIWA,18,2.4677,2.4581
165,R32,Dec,Joey Blaze,Purdue,Big Ten,2,3.8409,4.0035,Jared Keslar,Pittsburgh,ACC,31,0.8659,0.9189
165,PIG,MD,Cody Walsh,Drexel,EIWA,32,0.9036,0.8971,Ryan Vigil,VMI,SoCon,33,0.2217,0.1108
174,Final,Dec,Levi Haines,Penn State,Big Ten,1,5.2112,5.3684,Christopher Minto,Nebraska,Big Ten,3,3.6976,3.8868
174,3rd,Dec,Patrick Kennedy,Iowa,Big Ten,5,3.5718,3.7923,Carson Kharchla,Ohio State,Big Ten,4,3.6021,3.7746
174,5th,Dec,Cam Steed,Missouri,Big 12,7,2.7762,2.9233,Danny Wask,Navy,EIWA,15,3.4726,3.5278
174,7th,Fall,Beau Mantanona,Michigan,Big Ten,9,3.7015,3.9341,MJ Gaitan,Iowa State,Big 12,11,2.8052,2.9129
174,C_SF,Dec,Carson Kharchla,Ohio State,Big Ten,4,3.6021,3.7746,Cam Steed,Missouri,Big 12,7,2.7762,2.9233
174,C_SF,MD,Patrick Kennedy,Iowa,Big Ten,5,3.5718,3.7923,Danny Wask,Navy,EIWA,15,3.4726,3.5278
174,C_QF,MD,Carson Kharchla,Ohio State,Big Ten,4,3.6021,3.7746,Beau Mantanona,Michigan,Big Ten,9,3.7015,3.9341
174,C_QF,MD,Danny Wask,Navy,EIWA,15,3.4726,3.5278,MJ Gaitan,Iowa State,Big 12,11,2.8052,2.9129
174,C_R4,Dec,Carson Kharchla,Ohio State,Big Ten,4,3.6021,3.7746,Simon Ruiz,Cornell,CAA,2,4.5424,4.5894
174,C_R4,Dec,Beau Mantanona,Michigan,Big Ten,9,3.7015,3.9341,Matty Singleton,NC State,ACC,6,3.0647,3.1916
174,C_R4,TB-1,Danny Wask,Navy,EIWA,15,3.4726,3.5278,Carter Schubert,Oklahoma,Big 12,12,2.1778,2.3196
174,C_R4,Dec,MJ Gaitan,Iowa State,Big 12,11,2.8052,2.9129,Colin Kelly,Illinois,Big Ten,18,2.0788,2.3269
174,SF,TF,Levi Haines,Penn State,Big Ten,1,5.2112,5.3684,Patrick Kennedy,Iowa,Big Ten,5,3.5718,3.7923
174,SF,Dec,Christopher Minto,Nebraska,Big Ten,3,3.6976,3.8868,Cam Steed,Missouri,Big 12,7,2.7762,2.9233
174,C_R3,MD,Simon Ruiz,Cornell,CAA,2,4.5424,4.5894,Sergio Desiante,Virginia Tech,ACC,25,1.1647,1.2422
174,C_R3,Dec,Matty Singleton,NC State,ACC,6,3.0647,3.1916,Carter Baer,Binghamton,EIWA,13,2.1900,2.1113
174,C_R3,SV-2,Carter Schubert,Oklahoma,Big 12,12,2.1778,2.3196,Moses Espinoza-Owens,South Dakota State,Big 12,14,1.7067,1.8124
174,C_R3,TB-3,Colin Kelly,Illinois,Big Ten,18,2.0788,2.3269,Alex Facundo,Oklahoma State,Big 12,8,2.9986,3.1509
174,C_R2,Fall,Simon Ruiz,Cornell,CAA,2,4.5424,4.5894,Jared Simma,Northern Iowa,Big 12,17,1.5541,1.6682
174,C_R2,Dec,Sergio Desiante,Virginia Tech,ACC,25,1.1647,1.2422,Myles Takats,Bucknell,EIWA,10,2.9771,3.0111
174,C_R2,MD,Matty Singleton,NC State,ACC,6,3.0647,3.1916,Lenny Pinto,Rutgers,Big Ten,21,1.7048,1.7748
174,C_R2,SV-1,Carter Baer,Binghamton,EIWA,13,2.1900,2.1113,Logan Messer,George Mason,MAC,19,2.0988,1.9976
174,C_R2,Dec,Moses Espinoza-Owens,South Dakota State,Big 12,14,1.7067,1.8124,Daschle Lamer,Oregon State,Pac-12,20,2.9871,3.0100
174,C_R2,SV-1,Carter Schubert,Oklahoma,Big 12,12,2.1778,2.3196,Brody Baumann,Purdue,Big Ten,22,1.3836,1.5020
174,C_R2,Dec,Alex Facundo,Oklahoma State,Big 12,8,2.9986,3.1509,Luca Augustine,Pittsburgh,ACC,23,1.6532,1.8016
174,C_R2,Dec,Colin Kelly,Illinois,Big Ten,18,2.0788,2.3269,Nick Fine,Columbia,CAA,16,2.7273,2.7505
174,QF,TF,Levi Haines,Penn State,Big Ten,1,5.2112,5.3684,Beau Mantanona,Michigan,Big Ten,9,3.7015,3.9341
174,QF,TB-1,Patrick Kennedy,Iowa,Big Ten,5,3.5718,3.7923,Carson Kharchla,Ohio State,Big Ten,4,3.6021,3.7746
174,QF,MD,Christopher Minto,Nebraska,Big Ten,3,3.6976,3.8868,MJ Gaitan,Iowa State,Big 12,11,2.8052,2.9129
174,QF,SV-1,Cam Steed,Missouri,Big 12,7,2.7762,2.9233,Danny Wask,Navy,EIWA,15,3.4726,3.5278
174,C_R1,SV-1,Jared Simma,Northern Iowa,Big 12,17,1.5541,1.6682,Grant O`Dell,Bellarmine,SoCon,33,0.9526,0.8629
174,C_R1,Dec,Sergio Desiante,Virginia Tech,ACC,25,1.1647,1.2422,Garrett Thompson,Ohio,MAC,24,2.6389,2.6232
174,C_R1,Dec,Lenny Pinto,Rutgers,Big Ten,21,1.7048,1.7748,Holden Garcia,Princeton,CAA,28,1.1814,1.1311
174,C_R1,SV-1,Carter Baer,Binghamton,EIWA,13,2.1900,2.1113,Avery Bassett,Lock Haven,MAC,29,1.9159,1.9244
174,C_R1,Dec,Moses Espinoza-Owens,South Dakota State,Big 12,14,1.7067,1.8124,Riley Davis,Wyoming,Big 12,30,0.5015,0.6740
174,C_R1,Dec,Brody Baumann,Purdue,Big Ten,22,1.3836,1.5020,Collin Carrigan,North Carolina,ACC,27,0.3300,0.4030
174,C_R1,Fall,Luca Augustine,Pittsburgh,ACC,23,1.6532,1.8016,Derek Gilcher,Indiana,Big Ten,26,1.4931,1.6731
174,C_R1,MD,Colin Kelly,Illinois,Big Ten,18,2.0788,2.3269,Cael Valencia,Arizona State,Big 12,31,0.9330,1.0852
174,C_PIG,Dec,Riley Davis,Wyoming,Big 12,30,0.5015,0.6740,Luke Condon,Wisconsin,Big Ten,32,0.1128,0.2748
174,R16,TF,Levi Haines,Penn State,Big Ten,1,5.2112,5.3684,Nick Fine,Columbia,CAA,16,2.7273,2.7505
174,R16,Dec,Beau Mantanona,Michigan,Big Ten,9,3.7015,3.9341,Alex Facundo,Oklahoma State,Big 12,8,2.9986,3.1509
174,R16,Dec,Patrick Kennedy,Iowa,Big Ten,5,3.5718,3.7923,Carter Schubert,Oklahoma,Big 12,12,2.1778,2.3196
174,R16,MD,Carson Kharchla,Ohio State,Big Ten,4,3.6021,3.7746,Daschle Lamer,Oregon State,Pac-12,20,2.9871,3.0100
174,R16,MD,Christopher Minto,Nebraska,Big Ten,3,3.6976,3.8868,Logan Messer,George Mason,MAC,19,2.0988,1.9976
174,R16,Dec,MJ Gaitan,Iowa State,Big 12,11,2.8052,2.9129,Matty Singleton,NC State,ACC,6,3.0647,3.1916
174,R16,Fall,Cam Steed,Missouri,Big 12,7,2.7762,2.9233,Myles Takats,Bucknell,EIWA,10,2.9771,3.0111
174,R16,Dec,Danny Wask,Navy,EIWA,15,3.4726,3.5278,Simon Ruiz,Cornell,CAA,2,4.5424,4.5894
174,R32,Fall,Levi Haines,Penn State,Big Ten,1,5.2112,5.3684,Grant O`Dell,Bellarmine,SoCon,33,0.9526,0.8629
174,R32,Dec,Nick Fine,Columbia,CAA,16,2.7273,2.7505,Jared Simma,Northern Iowa,Big 12,17,1.5541,1.6682
174,R32,Dec,Beau Mantanona,Michigan,Big Ten,9,3.7015,3.9341,Garrett Thompson,Ohio,MAC,24,2.6389,2.6232
174,R32,Dec,Alex Facundo,Oklahoma State,Big 12,8,2.9986,3.1509,Sergio Desiante,Virginia Tech,ACC,25,1.1647,1.2422
174,R32,Dec,Patrick Kennedy,Iowa,Big Ten,5,3.5718,3.7923,Holden Garcia,Princeton,CAA,28,1.1814,1.1311
174,R32,Dec,Carter Schubert,Oklahoma,Big 12,12,2.1778,2.3196,Lenny Pinto,Rutgers,Big Ten,21,1.7048,1.7748
174,R32,Dec,Daschle Lamer,Oregon State,Pac-12,20,2.9871,3.0100,Carter Baer,Binghamton,EIWA,13,2.1900,2.1113
174,R32,Dec,Carson Kharchla,Ohio State,Big Ten,4,3.6021,3.7746,Avery Bassett,Lock Haven,MAC,29,1.9159,1.9244
174,R32,TF,Christopher Minto,Nebraska,Big Ten,3,3.6976,3.8868,Riley Davis,Wyoming,Big 12,30,0.5015,0.6740
174,R32,SV-1,Logan Messer,George Mason,MAC,19,2.0988,1.9976,Moses Espinoza-Owens,South Dakota State,Big 12,14,1.7067,1.8124
174,R32,Fall,MJ Gaitan,Iowa State,Big 12,11,2.8052,2.9129,Brody Baumann,Purdue,Big Ten,22,1.3836,1.5020
174,R32,TB-1,Matty Singleton,NC State,ACC,6,3.0647,3.1916,Collin Carrigan,North Carolina,ACC,27,0.3300,0.4030
174,R32,TF,Cam Steed,Missouri,Big 12,7,2.7762,2.9233,Derek Gilcher,Indiana,Big Ten,26,1.4931,1.6731
174,R32,Dec,Myles Takats,Bucknell,EIWA,10,2.9771,3.0111,Luca Augustine,Pittsburgh,ACC,23,1.6532,1.8016
174,R32,Dec,Danny Wask,Navy,EIWA,15,3.4726,3.5278,Colin Kelly,Illinois,Big Ten,18,2.0788,2.3269
174,R32,TF,Simon Ruiz,Cornell,CAA,2,4.5424,4.5894,Cael Valencia,Arizona State,Big 12,31,0.9330,1.0852
174,PIG,TB-1,Grant O`Dell,Bellarmine,SoCon,33,0.9526,0.8629,Luke Condon,Wisconsin,Big Ten,32,0.1128,0.2748
184,Final,Dec,Max McEnelly,Minnesota,Big Ten,3,4.2990,4.5790,Rocco Welsh,Penn State,Big Ten,1,4.8655,5.1180
184,3rd,MD,Aeoden Sinclair,Missouri,Big 12,2,4.4185,4.6393,Caleb Campos,American,EIWA,10,2.2734,2.2880
184,5th,Forfeit,Brock Mantanona,Michigan,Big Ten,5,2.8740,3.0460,Angelo Ferrari,Iowa,Big Ten,7,3.8292,4.0900
184,7th,Forfeit,Eddie Neitenbach,Wyoming,Big 12,6,3.0196,3.2774,Zack Ryder,Oklahoma State,Big 12,22,1.5560,1.7860
184,C_SF,Forfeit,Caleb Campos,American,EIWA,10,2.2734,2.2880,Angelo Ferrari,Iowa,Big Ten,7,3.8292,4.0900
184,C_SF,MD,Aeoden Sinclair,Missouri,Big 12,2,4.4185,4.6393,Brock Mantanona,Michigan,Big Ten,5,2.8740,3.0460
184,C_QF,Dec,Caleb Campos,American,EIWA,10,2.2734,2.2880,Zack Ryder,Oklahoma State,Big 12,22,1.5560,1.7860
184,C_QF,Dec,Aeoden Sinclair,Missouri,Big 12,2,4.4185,4.6393,Eddie Neitenbach,Wyoming,Big 12,6,3.0196,3.2774
184,C_R4,SV-1,Caleb Campos,American,EIWA,10,2.2734,2.2880,Brian Soldano,Oklahoma,Big 12,20,2.5215,2.7720
184,C_R4,Forfeit,Zack Ryder,Oklahoma State,Big 12,22,1.5560,1.7860,Silas Allred,Nebraska,Big Ten,8,2.5300,2.7592
184,C_R4,Dec,Aeoden Sinclair,Missouri,Big 12,2,4.4185,4.6393,James Conway,Franklin and Marshall,EIWA,4,3.3303,3.3435
184,C_R4,Dec,Eddie Neitenbach,Wyoming,Big 12,6,3.0196,3.2774,Rylan Rogers,Lehigh,EIWA,16,1.8028,1.8428
184,SF,Dec,Rocco Welsh,Penn State,Big Ten,1,4.8655,5.1180,Brock Mantanona,Michigan,Big Ten,5,2.8740,3.0460
184,SF,TB-2,Max McEnelly,Minnesota,Big Ten,3,4.2990,4.5790,Angelo Ferrari,Iowa,Big Ten,7,3.8292,4.0900
184,C_R3,Dec,Caleb Campos,American,EIWA,10,2.2734,2.2880,Sal Perrine,Ohio,MAC,15,2.0200,2.0337
184,C_R3,SV-1,Zack Ryder,Oklahoma State,Big 12,22,1.5560,1.7860,Jaden Bullock,Virginia Tech,ACC,14,1.6179,1.6652
184,C_R3,MD,James Conway,Franklin and Marshall,EIWA,4,3.3303,3.3435,Shane Cartagena-Walsh,Rutgers,Big Ten,11,2.2006,2.3088
184,C_R3,Dec,Rylan Rogers,Lehigh,EIWA,16,1.8028,1.8428,Chris Moore,Illinois,Big Ten,9,1.7564,1.9384
184,C_R2,Dec,Sal Perrine,Ohio,MAC,15,2.0200,2.0337,Caleb Uhlenhopp,Utah Valley,Big 12,32,0.4330,0.6570
184,C_R2,Dec,Caleb Campos,American,EIWA,10,2.2734,2.2880,Malachi DuVall,George Mason,MAC,25,2.4348,2.3638
184,C_R2,MD,Zack Ryder,Oklahoma State,Big 12,22,1.5560,1.7860,Abraham Wojcikiewicz,Stanford,ACC,28,1.1136,1.2311
184,C_R2,TB-1,Jaden Bullock,Virginia Tech,ACC,14,1.6179,1.6652,Nick Fox,Northern Iowa,Big 12,29,1.3413,1.5137
184,C_R2,Dec,James Conway,Franklin and Marshall,EIWA,4,3.3303,3.3435,Jared McGill,Edinboro,MAC,19,2.6021,2.5142
184,C_R2,Dec,Shane Cartagena-Walsh,Rutgers,Big Ten,11,2.2006,2.3088,Dylan Fishback,Ohio State,Big Ten,12,2.8154,3.0675
184,C_R2,SV-1,Chris Moore,Illinois,Big Ten,9,1.7564,1.9384,Chase Kranitz,Pittsburgh,ACC,26,1.0169,1.0958
184,C_R2,Dec,Rylan Rogers,Lehigh,EIWA,16,1.8028,1.8428,Jake Dailey,North Carolina,ACC,18,2.3830,2.4757
184,QF,Inj.,Rocco Welsh,Penn State,Big Ten,1,4.8655,5.1180,Silas Allred,Nebraska,Big Ten,8,2.5300,2.7592
184,QF,Fall,Brock Mantanona,Michigan,Big Ten,5,2.8740,3.0460,Brian Soldano,Oklahoma,Big 12,20,2.5215,2.7720
184,QF,Dec,Max McEnelly,Minnesota,Big Ten,3,4.2990,4.5790,Eddie Neitenbach,Wyoming,Big 12,6,3.0196,3.2774
184,QF,SV-1,Angelo Ferrari,Iowa,Big Ten,7,3.8292,4.0900,Aeoden Sinclair,Missouri,Big 12,2,4.4185,4.6393
184,C_R1,SV-1,Caleb Uhlenhopp,Utah Valley,Big 12,32,0.4330,0.6570,Ian Bush,West Virginia,Big 12,17,2.0300,2.1507
184,C_R1,Fall,Malachi DuVall,George Mason,MAC,25,2.4348,2.3638,Joe Curtis,Columbia,CAA,24,2.9968,3.0220
184,C_R1,TF,Abraham Wojcikiewicz,Stanford,ACC,28,1.1136,1.2311,Tomas Brooker,Appalachian State,SoCon,21,1.8929,1.9245
184,C_R1,Dec,Nick Fox,Northern Iowa,Big 12,29,1.3413,1.5137,Isaac Dean,Iowa State,Big 12,13,2.2986,2.5376
184,C_R1,Dec,Jared McGill,Edinboro,MAC,19,2.6021,2.5142,Sam Goin,Indiana,Big Ten,33,1.2695,1.5200
184,C_R1,Dec,Shane Cartagena-Walsh,Rutgers,Big Ten,11,2.2006,2.3088,Aidan Brenot,North Dakota State,Big 12,27,1.1354,1.3104
184,C_R1,Dec,Chase Kranitz,Pittsburgh,ACC,26,1.0169,1.0958,Ceasar Garza,Cal Poly,Pac-12,23,1.6183,1.5644
184,C_R1,Dec,Jake Dailey,North Carolina,ACC,18,2.3830,2.4757,Mahonri Rushton,Northern Colorado,Big 12,31,-1.0088,-0.8188
184,C_PIG,TB-1,Sam Goin,Indiana,Big Ten,33,1.2695,1.5200,Tyler Bienus,Bucknell,EIWA,30,0.7897,0.8282
184,R16,MD,Rocco Welsh,Penn State,Big Ten,1,4.8655,5.1180,Rylan Rogers,Lehigh,EIWA,16,1.8028,1.8428
184,R16,MD,Silas Allred,Nebraska,Big Ten,8,2.5300,2.7592,Chris Moore,Illinois,Big Ten,9,1.7564,1.9384
184,R16,MD,Brock Mantanona,Michigan,Big Ten,5,2.8740,3.0460,Dylan Fishback,Ohio State,Big Ten,12,2.8154,3.0675
184,R16,Dec,Brian Soldano,Oklahoma,Big 12,20,2.5215,2.7720,James Conway,Franklin and Marshall,EIWA,4,3.3303,3.3435
184,R16,Dec,Max McEnelly,Minnesota,Big Ten,3,4.2990,4.5790,Jaden Bullock,Virginia Tech,ACC,14,1.6179,1.6652
184,R16,Dec,Eddie Neitenbach,Wyoming,Big 12,6,3.0196,3.2774,Zack Ryder,Oklahoma State,Big 12,22,1.5560,1.7860
184,R16,Dec,Angelo Ferrari,Iowa,Big Ten,7,3.8292,4.0900,Caleb Campos,American,EIWA,10,2.2734,2.2880
184,R16,Dec,Aeoden Sinclair,Missouri,Big 12,2,4.4185,4.6393,Sal Perrine,Ohio,MAC,15,2.0200,2.0337
184,R32,TF,Rocco Welsh,Penn State,Big Ten,1,4.8655,5.1180,Caleb Uhlenhopp,Utah Valley,Big 12,32,0.4330,0.6570
184,R32,Dec,Rylan Rogers,Lehigh,EIWA,16,1.8028,1.8428,Ian Bush,West Virginia,Big 12,17,2.0300,2.1507
184,R32,MD,Chris Moore,Illinois,Big Ten,9,1.7564,1.9384,Joe Curtis,Columbia,CAA,24,2.9968,3.0220
184,R32,Dec,Silas Allred,Nebraska,Big Ten,8,2.5300,2.7592,Malachi DuVall,George Mason,MAC,25,2.4348,2.3638
184,R32,Dec,Brock Mantanona,Michigan,Big Ten,5,2.8740,3.0460,Abraham Wojcikiewicz,Stanford,ACC,28,1.1136,1.2311
184,R32,Dec,Dylan Fishback,Ohio State,Big Ten,12,2.8154,3.0675,Tomas Brooker,Appalachian State,SoCon,21,1.8929,1.9245
184,R32,Dec,Brian Soldano,Oklahoma,Big 12,20,2.5215,2.7720,Isaac Dean,Iowa State,Big 12,13,2.2986,2.5376
184,R32,Dec,James Conway,Franklin and Marshall,EIWA,4,3.3303,3.3435,Nick Fox,Northern Iowa,Big 12,29,1.3413,1.5137
184,R32,TF,Max McEnelly,Minnesota,Big Ten,3,4.2990,4.5790,Tyler Bienus,Bucknell,EIWA,30,0.7897,0.8282
184,R32,TB-1,Jaden Bullock,Virginia Tech,ACC,14,1.6179,1.6652,Jared McGill,Edinboro,MAC,19,2.6021,2.5142
184,R32,SV-1,Zack Ryder,Oklahoma State,Big 12,22,1.5560,1.7860,Shane Cartagena-Walsh,Rutgers,Big Ten,11,2.2006,2.3088
184,R32,MD,Eddie Neitenbach,Wyoming,Big 12,6,3.0196,3.2774,Aidan Brenot,North Dakota State,Big 12,27,1.1354,1.3104
184,R32,MD,Angelo Ferrari,Iowa,Big Ten,7,3.8292,4.0900,Chase Kranitz,Pittsburgh,ACC,26,1.0169,1.0958
184,R32,SV-1,Caleb Campos,American,EIWA,10,2.2734,2.2880,Ceasar Garza,Cal Poly,Pac-12,23,1.6183,1.5644
184,R32,Dec,Sal Perrine,Ohio,MAC,15,2.0200,2.0337,Jake Dailey,North Carolina,ACC,18,2.3830,2.4757
184,R32,TF,Aeoden Sinclair,Missouri,Big 12,2,4.4185,4.6393,Mahonri Rushton,Northern Colorado,Big 12,31,-1.0088,-0.8188
184,PIG,Dec,Caleb Uhlenhopp,Utah Valley,Big 12,32,0.4330,0.6570,Sam Goin,Indiana,Big Ten,33,1.2695,1.5200
197,Final,Dec,Josh Barr,Penn State,Big Ten,1,5.5616,5.7621,Cody Merrill,Oklahoma State,Big 12,7,3.0295,3.2395
197,3rd,Dec,Stephen Little,Little Rock,Pac-12,3,2.9562,2.9263,Joey Novak,Wyoming,Big 12,5,3.6500,3.8450
197,5th,Dec,Camden McDanel,Nebraska,Big Ten,11,2.7093,2.9741,Angelo Posada,Stanford,ACC,9,3.3162,3.4490
197,7th,Dec,Gabe Arnold,Iowa,Big Ten,27,2.3539,2.5066,Branson John,Maryland,Big Ten,16,2.4806,2.5503
197,C_SF,MD,Stephen Little,Little Rock,Pac-12,3,2.9562,2.9263,Angelo Posada,Stanford,ACC,9,3.3162,3.4490
197,C_SF,Dec,Joey Novak,Wyoming,Big 12,5,3.6500,3.8450,Camden McDanel,Nebraska,Big Ten,11,2.7093,2.9741
197,C_QF,SV-1,Angelo Posada,Stanford,ACC,9,3.3162,3.4490,Branson John,Maryland,Big Ten,16,2.4806,2.5503
197,C_QF,Dec,Camden McDanel,Nebraska,Big Ten,11,2.7093,2.9741,Gabe Arnold,Iowa,Big Ten,27,2.3539,2.5066
197,C_R4,TB-1,Branson John,Maryland,Big Ten,16,2.4806,2.5503,Colton Hawks,Arizona State,Big 12,29,-0.2759,-0.2059
197,C_R4,MD,Angelo Posada,Stanford,ACC,9,3.3162,3.4490,Luke Geog,Ohio State,Big Ten,12,2.0843,2.3400
197,C_R4,Dec,Gabe Arnold,Iowa,Big Ten,27,2.3539,2.5066,Remy Cotton,Rutgers,Big Ten,15,1.9821,2.3142
197,C_R4,Dec,Camden McDanel,Nebraska,Big Ten,11,2.7093,2.9741,Andrew Reall,Brown,CAA,18,2.9406,2.8249
197,SF,MD,Josh Barr,Penn State,Big Ten,1,5.5616,5.7621,Joey Novak,Wyoming,Big 12,5,3.6500,3.8450
197,SF,TB-2,Cody Merrill,Oklahoma State,Big 12,7,3.0295,3.2395,Stephen Little,Little Rock,Pac-12,3,2.9562,2.9263
197,C_R3,Dec,Branson John,Maryland,Big Ten,16,2.4806,2.5503,Mac Stout,Pittsburgh,ACC,10,2.6457,2.7383
197,C_R3,Dec,Luke Geog,Ohio State,Big Ten,12,2.0843,2.3400,Zayne Lehman,Ohio,MAC,19,2.3932,2.3277
197,C_R3,Dec,Gabe Arnold,Iowa,Big Ten,27,2.3539,2.5066,Gabe Sollars,Indiana,Big Ten,14,2.0608,2.2929
197,C_R3,Dec,Andrew Reall,Brown,CAA,18,2.9406,2.8249,Evan Bates,Missouri,Big 12,25,1.7741,2.0085
197,C_R2,Dec,Branson John,Maryland,Big Ten,16,2.4806,2.5503,Rocky Elam,Iowa State,Big 12,2,4.0617,4.2389
197,C_R2,Dec,Mac Stout,Pittsburgh,ACC,10,2.6457,2.7383,Brock Zurawski,Rider,MAC,24,2.7170,2.6811
197,C_R2,Dec,Luke Geog,Ohio State,Big Ten,12,2.0843,2.3400,Justin Rademacher,Oregon State,Pac-12,6,3.0896,3.0596
197,C_R2,Dec,Zayne Lehman,Ohio,MAC,19,2.3932,2.3277,Sonny Sasso,Virginia Tech,ACC,4,2.8736,3.0550
197,C_R2,TF,Gabe Sollars,Indiana,Big Ten,14,2.0608,2.2929,Bennett Berge,South Dakota State,Big 12,13,2.3205,2.4879
197,C_R2,Dec,Gabe Arnold,Iowa,Big Ten,27,2.3539,2.5066,Rune Lawrence,West Virginia,Big 12,21,2.0183,2.1483
197,C_R2,Dec,Evan Bates,Missouri,Big 12,25,1.7741,2.0085,Mikey Squires,Binghamton,EIWA,23,2.2686,2.1605
197,C_R2,Dec,Andrew Reall,Brown,CAA,18,2.9406,2.8249,Dillon Bechtold,Bucknell,EIWA,17,2.4789,2.3584
197,QF,TF,Josh Barr,Penn State,Big Ten,1,5.5616,5.7621,Angelo Posada,Stanford,ACC,9,3.3162,3.4490
197,QF,MD,Joey Novak,Wyoming,Big 12,5,3.6500,3.8450,Colton Hawks,Arizona State,Big 12,29,-0.2759,-0.2059
197,QF,SV-1,Stephen Little,Little Rock,Pac-12,3,2.9562,2.9263,Camden McDanel,Nebraska,Big Ten,11,2.7093,2.9741
197,QF,Dec,Cody Merrill,Oklahoma State,Big 12,7,3.0295,3.2395,Remy Cotton,Rutgers,Big Ten,15,1.9821,2.3142
197,C_R1,Dec,Branson John,Maryland,Big Ten,16,2.4806,2.5503,Blake Schaffer,Kent State,MAC,32,1.0229,0.9813
197,C_R1,Dec,Brock Zurawski,Rider,MAC,24,2.7170,2.6811,DJ Parker,Oklahoma,Big 12,8,2.8115,3.0150
197,C_R1,Dec,Luke Geog,Ohio State,Big Ten,12,2.0843,2.3400,Kael Wisler,Michigan State,Big Ten,28,1.5718,1.6555
197,C_R1,Fall,Sonny Sasso,Virginia Tech,ACC,4,2.8736,3.0550,Wyatt Ingham,Wisconsin,Big Ten,20,2.5112,2.7438
197,C_R1,TF,Gabe Sollars,Indiana,Big Ten,14,2.0608,2.2929,Karson Tompkins,Air Force,Big 12,33,0.5231,0.5187
197,C_R1,Dec,Gabe Arnold,Iowa,Big Ten,27,2.3539,2.5066,Devin Wasley,North Dakota State,Big 12,22,1.5813,1.7488
197,C_R1,MD,Mikey Squires,Binghamton,EIWA,23,2.2686,2.1605,Ben Vanadia,Purdue,Big Ten,26,0.9725,1.0308
197,C_R1,Dec,Andrew Reall,Brown,CAA,18,2.9406,2.8249,Kael Bennie,Utah Valley,Big 12,31,0.4494,0.5348
197,C_PIG,Dec,Karson Tompkins,Air Force,Big 12,33,0.5231,0.5187,Kade Rule,Chattanooga,SoCon,30,2.2204,2.0877
197,R16,MD,Josh Barr,Penn State,Big Ten,1,5.5616,5.7621,Dillon Bechtold,Bucknell,EIWA,17,2.4789,2.3584
197,R16,Dec,Angelo Posada,Stanford,ACC,9,3.3162,3.4490,Evan Bates,Missouri,Big 12,25,1.7741,2.0085
197,R16,Fall,Joey Novak,Wyoming,Big 12,5,3.6500,3.8450,Rune Lawrence,West Virginia,Big 12,21,2.0183,2.1483
197,R16,Dec,Colton Hawks,Arizona State,Big 12,29,-0.2759,-0.2059,Bennett Berge,South Dakota State,Big 12,13,2.3205,2.4879
197,R16,Dec,Stephen Little,Little Rock,Pac-12,3,2.9562,2.9263,Zayne Lehman,Ohio,MAC,19,2.3932,2.3277
197,R16,MD,Camden McDanel,Nebraska,Big Ten,11,2.7093,2.9741,Justin Rademacher,Oregon State,Pac-12,6,3.0896,3.0596
197,R16,Dec,Cody Merrill,Oklahoma State,Big 12,7,3.0295,3.2395,Mac Stout,Pittsburgh,ACC,10,2.6457,2.7383
197,R16,MD,Remy Cotton,Rutgers,Big Ten,15,1.9821,2.3142,Rocky Elam,Iowa State,Big 12,2,4.0617,4.2389
197,R32,TF,Josh Barr,Penn State,Big Ten,1,5.5616,5.7621,Blake Schaffer,Kent State,MAC,32,1.0229,0.9813
197,R32,SV-1,Dillon Bechtold,Bucknell,EIWA,17,2.4789,2.3584,Branson John,Maryland,Big Ten,16,2.4806,2.5503
197,R32,Fall,Angelo Posada,Stanford,ACC,9,3.3162,3.4490,Brock Zurawski,Rider,MAC,24,2.7170,2.6811
197,R32,Dec,Evan Bates,Missouri,Big 12,25,1.7741,2.0085,DJ Parker,Oklahoma,Big 12,8,2.8115,3.0150
197,R32,Fall,Joey Novak,Wyoming,Big 12,5,3.6500,3.8450,Kael Wisler,Michigan State,Big Ten,28,1.5718,1.6555
197,R32,SV-1,Rune Lawrence,West Virginia,Big 12,21,2.0183,2.1483,Luke Geog,Ohio State,Big Ten,12,2.0843,2.3400
197,R32,Dec,Bennett Berge,South Dakota State,Big 12,13,2.3205,2.4879,Wyatt Ingham,Wisconsin,Big Ten,20,2.5112,2.7438
197,R32,Dec,Colton Hawks,Arizona State,Big 12,29,-0.2759,-0.2059,Sonny Sasso,Virginia Tech,ACC,4,2.8736,3.0550
197,R32,Dec,Stephen Little,Little Rock,Pac-12,3,2.9562,2.9263,Kade Rule,Chattanooga,SoCon,30,2.2204,2.0877
197,R32,Dec,Zayne Lehman,Ohio,MAC,19,2.3932,2.3277,Gabe Sollars,Indiana,Big Ten,14,2.0608,2.2929
197,R32,Dec,Camden McDanel,Nebraska,Big Ten,11,2.7093,2.9741,Devin Wasley,North Dakota State,Big 12,22,1.5813,1.7488
197,R32,Dec,Justin Rademacher,Oregon State,Pac-12,6,3.0896,3.0596,Gabe Arnold,Iowa,Big Ten,27,2.3539,2.5066
197,R32,TF,Cody Merrill,Oklahoma State,Big 12,7,3.0295,3.2395,Ben Vanadia,Purdue,Big Ten,26,0.9725,1.0308
197,R32,Dec,Mac Stout,Pittsburgh,ACC,10,2.6457,2.7383,Mikey Squires,Binghamton,EIWA,23,2.2686,2.1605
197,R32,Dec,Remy Cotton,Rutgers,Big Ten,15,1.9821,2.3142,Andrew Reall,Brown,CAA,18,2.9406,2.8249
197,R32,Dec,Rocky Elam,Iowa State,Big 12,2,4.0617,4.2389,Kael Bennie,Utah Valley,Big 12,31,0.4494,0.5348
197,PIG,Dec,Blake Schaffer,Kent State,MAC,32,1.0229,0.9813,Karson Tompkins,Air Force,Big 12,33,0.5231,0.5187
285,Final,Dec,Isaac Trumble,NC State,ACC,2,4.4740,4.5187,Yonger Bastida,Iowa State,Big 12,1,4.6804,4.9132
285,3rd,Dec,Taye Ghadiali,Michigan,Big Ten,3,4.3964,4.5436,Konner Doucet,Oklahoma State,Big 12,7,3.2100,3.4779
285,5th,Forfeit,Ben Kueter,Iowa,Big Ten,8,2.1387,2.3650,AJ Ferrari,Nebraska,Big Ten,4,3.9300,4.1700
285,7th,DQ,David Szuba,Arizona State,Big 12,10,2.5810,2.7240,Christian Carroll,Wyoming,Big 12,18,2.7009,2.8805
285,C_SF,Dec,Taye Ghadiali,Michigan,Big Ten,3,4.3964,4.5436,Ben Kueter,Iowa,Big Ten,8,2.1387,2.3650
285,C_SF,Forfeit,Konner Doucet,Oklahoma State,Big 12,7,3.2100,3.4779,AJ Ferrari,Nebraska,Big Ten,4,3.9300,4.1700
285,C_QF,Dec,Ben Kueter,Iowa,Big Ten,8,2.1387,2.3650,David Szuba,Arizona State,Big 12,10,2.5810,2.7240
285,C_QF,Dec,Konner Doucet,Oklahoma State,Big 12,7,3.2100,3.4779,Christian Carroll,Wyoming,Big 12,18,2.7009,2.8805
285,C_R4,Dec,David Szuba,Arizona State,Big 12,10,2.5810,2.7240,Juan Mora,Oklahoma,Big 12,21,1.9444,2.0826
285,C_R4,Dec,Ben Kueter,Iowa,Big Ten,8,2.1387,2.3650,Braxton Amos,Wisconsin,Big Ten,12,2.6242,2.8138
285,C_R4,Fall,Konner Doucet,Oklahoma State,Big 12,7,3.2100,3.4779,Dayton Pitzer,Pittsburgh,ACC,20,2.6000,2.6914
285,C_R4,SV-1,Christian Carroll,Wyoming,Big 12,18,2.7009,2.8805,Hunter Catka,Rutgers,Big Ten,27,1.7778,1.8419
285,SF,MD,Yonger Bastida,Iowa State,Big 12,1,4.6804,4.9132,AJ Ferrari,Nebraska,Big Ten,4,3.9300,4.1700
285,SF,Dec,Isaac Trumble,NC State,ACC,2,4.4740,4.5187,Taye Ghadiali,Michigan,Big Ten,3,4.3964,4.5436
285,C_R3,Dec,David Szuba,Arizona State,Big 12,10,2.5810,2.7240,Brady Colbert,Army West Point,EIWA,15,2.4929,2.5175
285,C_R3,MD,Braxton Amos,Wisconsin,Big Ten,12,2.6242,2.8138,Koy Hopke,Minnesota,Big Ten,14,2.1943,2.4423
285,C_R3,Inj.,Dayton Pitzer,Pittsburgh,ACC,20,2.6000,2.6914,Nick Feldman,Ohio State,Big Ten,5,3.4712,3.6332
285,C_R3,Dec,Christian Carroll,Wyoming,Big 12,18,2.7009,2.8805,Cole Mirasola,Penn State,Big Ten,9,2.6464,2.8236
285,C_R2,Dec,Brady Colbert,Army West Point,EIWA,15,2.4929,2.5175,Vincent Mueller,Columbia,CAA,17,2.8210,2.7803
285,C_R2,TF,David Szuba,Arizona State,Big 12,10,2.5810,2.7240,Connor Barket,Duke,ACC,24,1.8100,1.8620
285,C_R2,MD,Braxton Amos,Wisconsin,Big Ten,12,2.6242,2.8138,Devon Dawson,Northern Illinois,MAC,11,2.6842,2.6758
285,C_R2,Dec,Koy Hopke,Minnesota,Big Ten,14,2.1943,2.4423,Spencer Lanosga,Navy,EIWA,13,2.5165,2.6138
285,C_R2,TF,Dayton Pitzer,Pittsburgh,ACC,20,2.6000,2.6914,Jack Forbes,Utah Valley,Big 12,30,0.7032,0.8784
285,C_R2,Dec,Nick Feldman,Ohio State,Big Ten,5,3.4712,3.6332,Nathan Taylor,Lehigh,EIWA,6,3.5194,3.5822
285,C_R2,TF,Cole Mirasola,Penn State,Big Ten,9,2.6464,2.8236,Stephan Monchery,Appalachian State,SoCon,23,1.7631,1.6366
285,C_R2,MD,Christian Carroll,Wyoming,Big 12,18,2.7009,2.8805,Jimmy Mullen,Virginia Tech,ACC,16,3.3889,3.5407
285,QF,Dec,Yonger Bastida,Iowa State,Big 12,1,4.6804,4.9132,Ben Kueter,Iowa,Big Ten,8,2.1387,2.3650
285,QF,Dec,AJ Ferrari,Nebraska,Big Ten,4,3.9300,4.1700,Juan Mora,Oklahoma,Big 12,21,1.9444,2.0826
285,QF,MD,Taye Ghadiali,Michigan,Big Ten,3,4.3964,4.5436,Hunter Catka,Rutgers,Big Ten,27,1.7778,1.8419
285,QF,Dec,Isaac Trumble,NC State,ACC,2,4.4740,4.5187,Konner Doucet,Oklahoma State,Big 12,7,3.2100,3.4779
285,C_R1,Fall,Vincent Mueller,Columbia,CAA,17,2.8210,2.7803,Emmanuel Ulrich,American,EIWA,32,0.7635,0.7368
285,C_R1,MD,Connor Barket,Duke,ACC,24,1.8100,1.8620,Alex Semenenko,Brown,CAA,25,2.4790,2.4783
285,C_R1,MD,Braxton Amos,Wisconsin,Big Ten,12,2.6242,2.8138,Jarrett Stoner,Missouri,Big 12,28,0.4810,0.6930
285,C_R1,Dec,Spencer Lanosga,Navy,EIWA,13,2.5165,2.6138,Luke Rasmussen,South Dakota State,Big 12,29,0.8462,1.0014
285,C_R1,MD,Jack Forbes,Utah Valley,Big 12,30,0.7032,0.8784,Nate Schon,Drexel,EIWA,19,2.4935,2.4770
285,C_R1,MD,Nathan Taylor,Lehigh,EIWA,6,3.5194,3.5822,Trevor Tinker,Cal Poly,Pac-12,22,1.7492,1.7638
285,C_R1,Dec,Stephan Monchery,Appalachian State,SoCon,23,1.7631,1.6366,Luke Luffman,Illinois,Big Ten,26,1.0962,1.3114
285,C_R1,Fall,Christian Carroll,Wyoming,Big 12,18,2.7009,2.8805,Brenan Morgan,Virginia,ACC,31,0.4633,0.5548
285,C_PIG,Fall,Jack Forbes,Utah Valley,Big 12,30,0.7032,0.8784,Mason Rebuck,Bloomsburg,MAC,33,0.7394,0.5503
285,R16,TF,Yonger Bastida,Iowa State,Big 12,1,4.6804,4.9132,Jimmy Mullen,Virginia Tech,ACC,16,3.3889,3.5407
285,R16,Dec,Ben Kueter,Iowa,Big Ten,8,2.1387,2.3650,Cole Mirasola,Penn State,Big Ten,9,2.6464,2.8236
285,R16,Dec,Juan Mora,Oklahoma,Big 12,21,1.9444,2.0826,Nick Feldman,Ohio State,Big Ten,5,3.4712,3.6332
285,R16,MD,AJ Ferrari,Nebraska,Big Ten,4,3.9300,4.1700,Dayton Pitzer,Pittsburgh,ACC,20,2.6000,2.6914
285,R16,TF,Taye Ghadiali,Michigan,Big Ten,3,4.3964,4.5436,Koy Hopke,Minnesota,Big Ten,14,2.1943,2.4423
285,R16,TB-1,Hunter Catka,Rutgers,Big Ten,27,1.7778,1.8419,Devon Dawson,Northern Illinois,MAC,11,2.6842,2.6758
285,R16,Dec,Konner Doucet,Oklahoma State,Big 12,7,3.2100,3.4779,David Szuba,Arizona State,Big 12,10,2.5810,2.7240
285,R16,MD,Isaac Trumble,NC State,ACC,2,4.4740,4.5187,Brady Colbert,Army West Point,EIWA,15,2.4929,2.5175
285,R32,TF,Yonger Bastida,Iowa State,Big 12,1,4.6804,4.9132,Emmanuel Ulrich,American,EIWA,32,0.7635,0.7368
285,R32,Dec,Jimmy Mullen,Virginia Tech,ACC,16,3.3889,3.5407,Vincent Mueller,Columbia,CAA,17,2.8210,2.7803
285,R32,Dec,Cole Mirasola,Penn State,Big Ten,9,2.6464,2.8236,Connor Barket,Duke,ACC,24,1.8100,1.8620
285,R32,Dec,Ben Kueter,Iowa,Big Ten,8,2.1387,2.3650,Alex Semenenko,Brown,CAA,25,2.4790,2.4783
285,R32,Dec,Nick Feldman,Ohio State,Big Ten,5,3.4712,3.6332,Jarrett Stoner,Missouri,Big 12,28,0.4810,0.6930
285,R32,Dec,Juan Mora,Oklahoma,Big 12,21,1.9444,2.0826,Braxton Amos,Wisconsin,Big Ten,12,2.6242,2.8138
285,R32,TB-1,Dayton Pitzer,Pittsburgh,ACC,20,2.6000,2.6914,Spencer Lanosga,Navy,EIWA,13,2.5165,2.6138
285,R32,TF,AJ Ferrari,Nebraska,Big Ten,4,3.9300,4.1700,Luke Rasmussen,South Dakota State,Big 12,29,0.8462,1.0014
285,R32,TF,Taye Ghadiali,Michigan,Big Ten,3,4.3964,4.5436,Jack Forbes,Utah Valley,Big 12,30,0.7032,0.8784
285,R32,Dec,Koy Hopke,Minnesota,Big Ten,14,2.1943,2.4423,Nate Schon,Drexel,EIWA,19,2.4935,2.4770
285,R32,Dec,Devon Dawson,Northern Illinois,MAC,11,2.6842,2.6758,Trevor Tinker,Cal Poly,Pac-12,22,1.7492,1.7638
285,R32,SV-1,Hunter Catka,Rutgers,Big Ten,27,1.7778,1.8419,Nathan Taylor,Lehigh,EIWA,6,3.5194,3.5822
285,R32,Dec,Konner Doucet,Oklahoma State,Big 12,7,3.2100,3.4779,Luke Luffman,Illinois,Big Ten,26,1.0962,1.3114
285,R32,MD,David Szuba,Arizona State,Big 12,10,2.5810,2.7240,Stephan Monchery,Appalachian State,SoCon,23,1.7631,1.6366
285,R32,Dec,Brady Colbert,Army West Point,EIWA,15,2.4929,2.5175,Christian Carroll,Wyoming,Big 12,18,2.7009,2.8805
285,R32,Fall,Isaac Trumble,NC State,ACC,2,4.4740,4.5187,Brenan Morgan,Virginia,ACC,31,0.4633,0.5548
285,PIG,Dec,Emmanuel Ulrich,American,EIWA,32,0.7635,0.7368,Mason Rebuck,Bloomsburg,MAC,33,0.7394,0.5503
