gender,season,weight,rank,wrestler_id,name,team,points_scored,place,final_round,won_final_match
boys,2026,,,34993508132,,,0.0,,Cons. Round 1,False
boys,2026,106,1,34992808132,Talon Sanderlyn,Boyle County,4.5,,Cons. Round 4,False
boys,2026,106,2,35368112132,Mason Brooks,Somerset,8.0,8,7th Place Match,False
boys,2026,106,3,35077755132,Lincoln Maynard,North Oldham,11.5,6,5th Place Match,False
boys,2026,106,4,35031129132,Jackson Taylor,Union County,33.5,1,1st Place Match,True
boys,2026,106,5,35002884132,Ryker Kramer,Fort Campbell,16.0,4,3rd Place Match,False
boys,2026,106,6,35226227132,Daniel Stark,Nelson County,11.0,7,7th Place Match,True
boys,2026,106,7,35732601132,Brody Jewell,Martin County High School,5.0,,Cons. Round 3,False
boys,2026,106,8,35271330132,Cody Blevins,Simon Kenton,21.5,3,3rd Place Match,True
boys,2026,106,9,35221002132,Ethan Klidzejs,Caldwell County,5.5,,Cons. Round 4,False
boys,2026,106,10,35398390132,Parker Wilkens,Highlands,22.5,2,1st Place Match,False
boys,2026,106,11,34989048132,Christian Prietto-Bottoms,Paducah Tilghman,15.5,5,5th Place Match,True
boys,2026,106,12,34993548132,Trenton Bratcher,Moore,4.5,,Cons. Round 4,False
boys,2026,106,13,35144073132,Derek Tran,Desales,4.0,,Cons. Round 4,False
boys,2026,106,15,35144517132,Jamarion Sanders,LaRue County,3.0,,Cons. Round 3,False
boys,2026,106,16,35210235132,Logan Plummer,East Jessamine,1.0,,Cons. Round 3,False
boys,2026,106,17,35405958132,,,0.0,,Cons. Round 2,False
boys,2026,106,19,34993799132,Noe Rodriguez,Harrison County,1.0,,Cons. Round 2,False
boys,2026,106,20,34994868132,,,0.0,,Cons. Round 1,False
boys,2026,106,24,35640802132,,,0.0,,Cons. Round 2,False
boys,2026,106,27,35122096132,Chris Ammon,Oldham County,2.0,,Cons. Round 2,False
boys,2026,106,28,35599160132,,,0.0,,Cons. Round 1,False
boys,2026,106,29,35040569132,,,0.0,,Cons. Round 2,False
boys,2026,106,32,35012794132,Chuck Bentancourt,Shawnee,2.0,,Cons. Round 2,False
boys,2026,106,34,35135153132,,,0.0,,Cons. Round 1,False
boys,2026,106,34,35225237132,Tracker Blackburn,Scott,4.5,,Cons. Round 3,False
boys,2026,106,35,34988572132,Mason Masteller,Conner,2.0,,Cons. Round 2,False
boys,2026,106,37,35420709132,,,0.0,,Cons. Round 1,False
boys,2026,106,38,35751196132,Heath May,Johnson Central,3.0,,Cons. Round 2,False
boys,2026,106,40,35522407132,,,0.0,,Cons. Round 1,False
boys,2026,106,40,35001158132,,,0.0,,Cons. Round 1,False
boys,2026,106,59,35124897132,,,0.0,,Cons. Round 1,False
boys,2026,106,61,35460375132,,,0.0,,Cons. Round 1,False
boys,2026,113,1,35542286132,Bryant Brinkman,Ryle,15.0,5,5th Place Match,True
boys,2026,113,2,35031547132,Peyton Fowler,Union County,31.0,1,1st Place Match,True
boys,2026,113,3,35732598132,Jeremy Mollett,Martin County High School,21.0,3,3rd Place Match,True
boys,2026,113,4,35368105132,Cameron Underwood,Somerset,14.0,7,7th Place Match,True
boys,2026,113,5,35226188132,Ayden Votaw,Nelson County,16.0,6,5th Place Match,False
boys,2026,113,6,35233664132,Kevin Lopez,Apollo,25.5,2,1st Place Match,False
boys,2026,113,7,35122303132,Lukas Shuck,Oldham County,3.0,,Cons. Round 2,False
boys,2026,113,11,35267067132,Zachary Fields,Western Hills,5.0,,Cons. Round 4,False
boys,2026,113,12,35883514132,wyatt smith,Wayne County,5.5,,Cons. Round 4,False
boys,2026,113,13,35528546132,Braylon Ryan,Walton-Verona,5.5,,Cons. Round 4,False
boys,2026,113,14,35205295132,Thomas Sang,Greenwood,18.0,4,3rd Place Match,False
boys,2026,113,15,34989052132,Jake Pulliam,Paducah Tilghman,2.0,,Cons. Round 2,False
boys,2026,113,16,35751400132,,,0.0,,Cons. Round 1,False
boys,2026,113,17,35599176132,Ricky Parriman,Mccreary Central,5.0,8,7th Place Match,False
boys,2026,113,18,35045479132,Camryn Coffey,Madison Central,4.0,,Cons. Round 4,False
boys,2026,113,19,35040566132,Andrew Recio,Male,2.0,,Cons. Round 2,False
boys,2026,113,20,35135155132,Makai Green,Fairdale,1.0,,Cons. Round 2,False
boys,2026,113,21,34989062132,Kaiden Crittenden,North Hardin,2.0,,Cons. Round 3,False
boys,2026,113,22,35144534132,Jude Fortier,LaRue County,4.0,,Cons. Round 3,False
boys,2026,113,23,35137146132,ayden brison,Hopkinsville,2.0,,Cons. Round 3,False
boys,2026,113,27,35271367132,Kaiden Dauenbaugh,Simon Kenton,1.0,,Cons. Round 2,False
boys,2026,113,29,35023234132,Ahmed Alobaidi,Jeffersontown,3.0,,Cons. Round 3,False
boys,2026,113,31,35238082132,Myles Mitchell,West Jessamine,3.0,,Cons. Round 2,False
boys,2026,113,32,35405495132,,,0.0,,Cons. Round 1,False
boys,2026,113,33,35048601132,Jayden Muratalla,Bourbon County,3.0,,Cons. Round 2,False
boys,2026,113,34,35081204132,,,0.0,,Cons. Round 1,False
boys,2026,113,35,34989474132,,,0.0,,Cons. Round 2,False
boys,2026,113,35,35205071132,,,0.0,,Cons. Round 1,False
boys,2026,113,46,35013065132,,,0.0,,Cons. Round 1,False
boys,2026,113,51,34994872132,,,0.0,,Cons. Round 1,False
boys,2026,113,56,35724493132,,,0.0,,Cons. Round 1,False
boys,2026,113,64,35563002132,,,0.0,,Cons. Round 1,False
boys,2026,120,1,34993739132,Jackson Wells,Harrison County,32.0,1,1st Place Match,True
boys,2026,120,2,35031551132,Jaxson Mayberry,Union County,17.5,3,3rd Place Match,True
boys,2026,120,3,35542260132,Aiden Brinkman,Ryle,25.5,2,1st Place Match,False
boys,2026,120,5,35202495132,Mason Gipson,South Oldham,18.5,4,3rd Place Match,False
boys,2026,120,6,35752489132,Carson Matney,Johnson Central,4.0,,Cons. Round 4,False
boys,2026,120,7,34988547132,Keaton Dicken,Conner,8.0,7,7th Place Match,True
boys,2026,120,8,35732599132,Blake Lemaster,Martin County High School,17.0,5,5th Place Match,True
boys,2026,120,9,35233670132,Jaxton Howard,Apollo,8.0,8,7th Place Match,False
boys,2026,120,10,35051530132,Brycen Gray,Woodford County,6.0,,Cons. Round 4,False
boys,2026,120,11,35122063132,,,0.0,,Cons. Round 2,False
boys,2026,120,12,35404972132,Kadham Alghanemi,Lafayette,11.5,6,5th Place Match,False
boys,2026,120,13,35488260132,Emilio Rodriguez,Covington Catholic,2.0,,Cons. Round 4,False
boys,2026,120,14,35045490132,RENZO WATTS,Madison Central,3.0,,Cons. Round 2,False
boys,2026,120,15,35640432132,,,0.0,,Cons. Round 2,False
boys,2026,120,17,35001151132,Chase Mort,Central Hardin,4.5,,Cons. Round 4,False
boys,2026,120,18,35144516132,Liam Ditto,LaRue County,1.0,,Cons. Round 2,False
boys,2026,120,20,34992818132,Braylon Newell,Boyle County,3.0,,Cons. Round 3,False
boys,2026,120,21,34993883132,Prestyn Walls,Green County,5.0,,Cons. Round 3,False
boys,2026,120,22,35007892132,,,0.0,,Cons. Round 1,False
boys,2026,120,23,35688292132,Jett Stull,Meade County,2.0,,Cons. Round 2,False
boys,2026,120,24,34997571132,,,0.0,,Cons. Round 1,False
boys,2026,120,30,35398391132,Ryan Nickelman,Highlands,2.0,,Cons. Round 3,False
boys,2026,120,31,35135152132,Dillon Lewis,Fairdale,5.0,,Cons. Round 3,False
boys,2026,120,34,35002898132,,,0.0,,Cons. Round 1,False
boys,2026,120,36,35420495132,,,0.0,,Cons. Round 1,False
boys,2026,120,37,35212706132,,,0.0,,Cons. Round 1,False
boys,2026,120,38,35133611132,,,0.0,,Cons. Round 2,False
boys,2026,120,39,35618719132,Jyden Jones,Valley,1.5,,Cons. Round 2,False
boys,2026,120,42,34993552132,,,0.0,,Cons. Round 1,False
boys,2026,120,49,35635389132,Hunter Crabtree,Greenup County,2.0,,Cons. Round 2,False
boys,2026,120,50,35021797132,,,0.0,,Cons. Round 1,False
boys,2026,120,80,35896629132,,,0.0,,Cons. Round 1,False
boys,2026,126,1,35688368132,Peyton Vowels,Meade County,23.5,2,1st Place Match,False
boys,2026,126,2,34989043132,Josh Waufle,Paducah Tilghman,15.0,5,5th Place Match,True
boys,2026,126,3,34992804132,Ethan Masters,Boyle County,17.0,4,3rd Place Match,False
boys,2026,126,4,35270991132,Braydan Blevins,Simon Kenton,19.0,3,3rd Place Match,True
boys,2026,126,5,34988546132,Clayton Badida,Conner,29.0,1,1st Place Match,True
boys,2026,126,6,35202493132,Blaine Kimery,South Oldham,13.0,6,5th Place Match,False
boys,2026,126,7,35031565132,Jacob Ramsey,Union County,10.0,8,7th Place Match,False
boys,2026,126,8,35359588132,Drake Wimsatt,Paul Laurence Dunbar,3.0,,Cons. Round 3,False
boys,2026,126,9,34997608132,Noah Simpson,Corbin,1.0,,Cons. Round 2,False
boys,2026,126,10,35122069132,Aeson Springer,Oldham County,12.5,7,7th Place Match,True
boys,2026,126,11,35321121132,Lane Griffin,North Bullitt,5.5,,Cons. Round 4,False
boys,2026,126,12,35640549132,Miguel Fransisco,Great Crossing,1.0,,Cons. Round 2,False
boys,2026,126,13,35221004132,Elijah Kirby,Caldwell County,3.0,,Cons. Round 4,False
boys,2026,126,14,35885866132,Bryson smith,Wayne County,2.0,,Cons. Round 2,False
boys,2026,126,15,35045478132,Keenan Clevenger,Madison Central,5.0,,Cons. Round 4,False
boys,2026,126,18,34993280132,Jah Patterson,Daviess County,2.0,,Cons. Round 2,False
boys,2026,126,19,35001146132,Estevan Delgadillo,Central Hardin,4.0,,Cons. Round 3,False
boys,2026,126,20,35219295132,Deontae Graves,Holmes,5.0,,Cons. Round 3,False
boys,2026,126,21,35459302132,Liam Skinner,Rowan County,5.0,,Cons. Round 4,False
boys,2026,126,22,35064912132,,,0.0,,Cons. Round 1,False
boys,2026,126,23,35124870132,Hunter Oakley,Montgomery County,3.0,,Cons. Round 2,False
boys,2026,126,24,35081196132,Justin Munoz,Henry Clay,2.0,,Cons. Round 2,False
boys,2026,126,26,35281285132,Hunter Francis,Dixie Heights,2.0,,Cons. Round 2,False
boys,2026,126,28,34993556132,,,0.0,,Cons. Round 3,False
boys,2026,126,29,35562978132,Henry Bueter,St. Xavier,1.5,,Cons. Round 2,False
boys,2026,126,31,35732620132,,,0.0,,Cons. Round 1,False
boys,2026,126,32,35773385132,,,0.0,,Cons. Round 1,False
boys,2026,126,33,35135171132,,,0.0,,Cons. Round 1,False
boys,2026,126,38,35049033132,,,0.0,,Cons. Round 1,False
boys,2026,126,40,35048604132,,,0.0,,Cons. Round 1,False
boys,2026,126,44,35542526132,,,0.0,,Cons. Round 1,False
boys,2026,126,54,35090024132,,,0.0,,Cons. Round 1,False
boys,2026,132,1,35520541132,Corban Nance,Anderson County,18.0,4,3rd Place Match,False
boys,2026,132,2,35031571132,Brennen Clifford,Union County,30.0,1,1st Place Match,True
boys,2026,132,3,34992809132,Cullen White,Boyle County,16.0,5,5th Place Match,True
boys,2026,132,4,34988588132,Cordion Abernathy,Conner,20.5,3,3rd Place Match,True
boys,2026,132,5,35135159132,mohamed Talasow,Fairdale,10.0,7,7th Place Match,True
boys,2026,132,6,35562980132,Braden Woolridge,St. Xavier,3.0,,Cons. Round 2,False
boys,2026,132,8,34993277132,Jackson Stoner,Daviess County,23.5,2,1st Place Match,False
boys,2026,132,9,34989047132,Jordynn Davis,Paducah Tilghman,3.0,,Cons. Round 4,False
boys,2026,132,10,35002892132,,,0.0,,Cons. Round 1,False
boys,2026,132,11,35045488132,GRAYSON SMITH,Madison Central,2.5,,Cons. Round 3,False
boys,2026,132,12,35850444132,Bentley Brown,Boyd County,11.0,6,5th Place Match,False
boys,2026,132,13,35939849132,Tyson English,Moore,2.0,,Cons. Round 2,False
boys,2026,132,14,35281280132,Ethan Piasecki,Dixie Heights,6.0,,Cons. Round 4,False
boys,2026,132,16,35124883132,,,0.0,,Cons. Round 3,False
boys,2026,132,17,35064909132,Bruce Anderson,John Hardin,6.0,,Cons. Round 4,False
boys,2026,132,18,35144509132,Noah Foley,LaRue County,1.5,,Cons. Round 3,False
boys,2026,132,20,34993876132,,,0.0,,Cons. Round 2,False
boys,2026,132,21,35271324132,Connor Warner,Simon Kenton,9.0,8,7th Place Match,False
boys,2026,132,22,35404971132,Sergio Vasquez Gomez,Lafayette,2.0,,Cons. Round 2,False
boys,2026,132,23,35122062132,Hayden Drexler,Oldham County,1.0,,Cons. Round 2,False
boys,2026,132,24,35040589132,Braden Llaghno,Male,6.0,,Cons. Round 4,False
boys,2026,132,24,35225527132,,,0.0,,Cons. Round 1,False
boys,2026,132,25,35752417132,Landon Howard,Johnson Central,3.0,,Cons. Round 2,False
boys,2026,132,29,34992058132,Aiden Behnken,Bardstown,2.0,,Cons. Round 2,False
boys,2026,132,30,35138074132,,,0.0,,Cons. Round 1,False
boys,2026,132,31,35488119132,,,0.0,,Cons. Round 1,False
boys,2026,132,39,35746154132,,,0.0,,Cons. Round 1,False
boys,2026,132,40,35338367132,,,0.0,,Cons. Round 2,False
boys,2026,132,49,35513069132,,,0.0,,Cons. Round 1,False
boys,2026,132,54,34993792132,Jayden Fulz,Harrison County,1.5,,Cons. Round 3,False
boys,2026,132,58,35658558132,,,0.0,,Cons. Round 1,False
boys,2026,138,1,35752211132,Ryan Smith,Johnson Central,24.0,2,1st Place Match,False
boys,2026,138,2,35663672132,Luke Cornwell,Ryle,18.0,4,3rd Place Match,False
boys,2026,138,3,34993727132,Mat Wasson,Harrison County,19.5,3,3rd Place Match,True
boys,2026,138,4,35035268132,Utah Heady,Union County,29.5,1,1st Place Match,True
boys,2026,138,5,35202491132,Henry Koller,South Oldham,13.5,5,5th Place Match,True
boys,2026,138,6,35640061132,Blake Murdock,Great Crossing,11.0,6,5th Place Match,False
boys,2026,138,7,35519947132,Nolan Link,Meade County,3.0,,Cons. Round 4,False
boys,2026,138,8,34997600132,BJ Jackson,Corbin,13.0,7,7th Place Match,True
boys,2026,138,9,35562984132,Brock Fernandez,St. Xavier,7.5,8,7th Place Match,False
boys,2026,138,10,35002887132,Eithan Cassell,Fort Campbell,2.0,,Cons. Round 3,False
boys,2026,138,11,35281281132,Justin Kidd,Dixie Heights,4.5,,Cons. Round 4,False
boys,2026,138,12,34992815132,Bain Kurtz,Boyle County,3.0,,Cons. Round 3,False
boys,2026,138,13,35221006132,,,0.0,,Cons. Round 2,False
boys,2026,138,14,35135151132,Daylon Sexton,Fairdale,3.0,,Cons. Round 2,False
boys,2026,138,15,35850446132,,,0.0,,Cons. Round 1,False
boys,2026,138,17,35090027132,,,0.0,,Cons. Round 1,False
boys,2026,138,18,35064900132,,,0.0,,Cons. Round 3,False
boys,2026,138,19,35081198132,Elliot Ortinski,Henry Clay,2.0,,Cons. Round 4,False
boys,2026,138,20,35051536132,Isaac Richards,Woodford County,2.0,,Cons. Round 2,False
boys,2026,138,21,35205066132,Jack Harrod,Bullitt East,1.0,,Cons. Round 2,False
boys,2026,138,22,35732622132,,,0.0,,Cons. Round 1,False
boys,2026,138,23,35226245132,Beckett Stone,Nelson County,2.0,,Cons. Round 2,False
boys,2026,138,24,34993511132,AJ Falk,Scott County,1.5,,Cons. Round 2,False
boys,2026,138,26,35488263132,Landon Windeler,Covington Catholic,1.0,,Cons. Round 2,False
boys,2026,138,28,35635496132,David Craig,Greenup County,2.0,,Cons. Round 3,False
boys,2026,138,28,35271748132,Jordan Rutherford,Simon Kenton,4.0,,Cons. Round 4,False
boys,2026,138,30,35281671132,,,0.0,,Cons. Round 1,False
boys,2026,138,32,35144519132,,,0.0,,Cons. Round 1,False
boys,2026,138,34,36681931132,,,0.0,,Cons. Round 1,False
boys,2026,138,38,35156196132,Elijah Adams,Taylor County,2.0,,Cons. Round 2,False
boys,2026,138,42,35599164132,,,0.0,,Cons. Round 1,False
boys,2026,138,47,34988532132,,,0.0,,Cons. Round 1,False
boys,2026,144,1,35035263132,Jayden Raney,Union County,34.0,1,1st Place Match,True
boys,2026,144,2,34989037132,Jaylin Bellamy,Paducah Tilghman,24.5,2,1st Place Match,False
boys,2026,144,3,35752784132,James Morris,Johnson Central,15.0,3,3rd Place Match,True
boys,2026,144,4,35051537132,Jacob Brown,Woodford County,4.0,,Cons. Round 3,False
boys,2026,144,5,34993729132,Austin Brinegar,Harrison County,4.0,,Cons. Round 3,False
boys,2026,144,6,34988677132,Dane Miller,Christian County,6.0,8,7th Place Match,False
boys,2026,144,7,34993545132,Kalob Wise,Moore,13.5,4,3rd Place Match,False
boys,2026,144,8,35135147132,Blake Luttrell,Fairdale,13.0,5,5th Place Match,True
boys,2026,144,9,34989136132,Deacon Heisler,Campbell County,4.5,,Cons. Round 4,False
boys,2026,144,10,34997618132,,,0.0,,Cons. Round 2,False
boys,2026,144,11,35045486132,CHANCE MILLS,Madison Central,14.5,6,5th Place Match,False
boys,2026,144,12,35001144132,Derrick Johnson,Central Hardin,3.0,,Cons. Round 3,False
boys,2026,144,13,35040568132,Andrew Pomeroy,Male,9.0,7,7th Place Match,True
boys,2026,144,14,35202489132,Colton Motta,South Oldham,3.5,,Cons. Round 4,False
boys,2026,144,15,34988587132,Luke Peace,Conner,6.0,,Cons. Round 4,False
boys,2026,144,17,35598005132,,,0.0,,Cons. Round 1,False
boys,2026,144,18,35144512132,Joseph Kresel,LaRue County,2.5,,Cons. Round 3,False
boys,2026,144,19,35562997132,,,0.0,,Cons. Round 1,False
boys,2026,144,20,35212703132,Joel Vontae Stanley Jr.,Pleasure Ridge Park,2.0,,Cons. Round 2,False
boys,2026,144,21,35663640132,Jagger Irwin,Ryle,4.0,,Cons. Round 4,False
boys,2026,144,22,35850452132,Jace Bowling,Boyd County,2.0,,Cons. Round 2,False
boys,2026,144,23,36571493132,Cooper Scott,Pikeville,2.0,,Cons. Round 2,False
boys,2026,144,24,35688409132,,,0.0,,Cons. Round 2,False
boys,2026,144,25,35528663132,,,0.0,,Cons. Round 1,False
boys,2026,144,26,35724486132,Parker Fouch,East Carter,2.0,,Cons. Round 2,False
boys,2026,144,27,35081197132,,,0.0,,Cons. Round 2,False
boys,2026,144,28,35122072132,,,0.0,,Cons. Round 1,False
boys,2026,144,29,35420642132,Channing Carte,Whitley County,2.0,,Cons. Round 2,False
boys,2026,144,37,35405353132,,,0.0,,Cons. Round 1,False
boys,2026,144,38,35226198132,,,0.0,,Cons. Round 1,False
boys,2026,144,39,34995380132,,,0.0,,Cons. Round 1,False
boys,2026,144,41,34994785132,,,0.0,,Cons. Round 1,False
boys,2026,150,1,35035275132,Jordyn Raney,Union County,33.5,1,1st Place Match,True
boys,2026,150,2,35850447132,Chase Gillum,Boyd County,20.0,3,3rd Place Match,True
boys,2026,150,3,34993550132,Santiago Gonzalez,Moore,27.0,2,1st Place Match,False
boys,2026,150,4,35122061132,Madden Brown,Oldham County,4.0,,Cons. Round 4,False
boys,2026,150,5,34988548132,Nathan Seth,Conner,12.5,7,7th Place Match,True
boys,2026,150,6,35045492132,GAVYN KINLEY,Madison Central,12.0,5,5th Place Match,True
boys,2026,150,7,34992807132,Judah Carey,Boyle County,17.5,4,3rd Place Match,False
boys,2026,150,8,35237535132,Miles Smith,East Jessamine,6.0,,Cons. Round 4,False
boys,2026,150,9,35156188132,Aiden Zuniga,Taylor County,3.0,,Cons. Round 4,False
boys,2026,150,11,35336027132,Taner Woodman,Ashland Blazer,2.0,,Cons. Round 4,False
boys,2026,150,12,35519922132,Payton Conner,Meade County,2.0,,Cons. Round 3,False
boys,2026,150,13,35144074132,Lucas Oliverio,Desales,9.5,6,5th Place Match,False
boys,2026,150,14,35212701132,Jack Ferguson,Pleasure Ridge Park,5.0,,Cons. Round 3,False
boys,2026,150,15,35732594132,Jeremy Begley,Martin County High School,2.0,,Cons. Round 2,False
boys,2026,150,16,35284253132,Hunter Kennedy,Trinity (Louisville),2.0,,Cons. Round 3,False
boys,2026,150,19,35221007132,Donovan Rogers,Caldwell County,3.0,,Cons. Round 2,False
boys,2026,150,20,34993726132,,,0.0,,Cons. Round 1,False
boys,2026,150,21,34993516132,Juan Ramirez,Scott County,8.0,8,7th Place Match,False
boys,2026,150,22,35752685132,,,0.0,,Cons. Round 1,False
boys,2026,150,23,34989041132,,,0.0,,Cons. Round 2,False
boys,2026,150,24,34988680132,Paul Abren,Christian County,2.0,,Cons. Round 2,False
boys,2026,150,25,35135229132,Bryce Hartel,Fairdale,2.0,,Cons. Round 2,False
boys,2026,150,26,35271153132,Parker Smith,Simon Kenton,3.5,,Cons. Round 3,False
boys,2026,150,29,35023923132,,,0.0,,Cons. Round 1,False
boys,2026,150,30,35001145132,,,0.0,,Cons. Round 2,False
boys,2026,150,34,35281483132,,,0.0,,Cons. Round 1,False
boys,2026,150,36,34997719132,,,0.0,,Cons. Round 2,False
boys,2026,150,37,35663525132,,,0.0,,Cons. Round 1,False
boys,2026,150,38,35188416132,,,0.0,,Cons. Round 2,False
boys,2026,150,49,34989076132,,,0.0,,Cons. Round 1,False
boys,2026,150,51,37111517132,,,0.0,,Cons. Round 1,False
boys,2026,150,66,35640766132,,,0.0,,Cons. Round 1,False
boys,2026,157,1,34992806132,Kaygen Roberts,Boyle County,17.5,3,3rd Place Match,True
boys,2026,157,2,35398396132,Kayson White,Highlands,26.5,2,1st Place Match,False
boys,2026,157,3,34993731132,George Dennis,Harrison County,28.5,1,1st Place Match,True
boys,2026,157,4,35527112132,Carson Nance,Anderson County,3.5,,Cons. Round 4,False
boys,2026,157,5,35663757132,Callen Schmidt,Ryle,10.0,7,7th Place Match,True
boys,2026,157,6,35732592132,Parker Maynard,Martin County High School,12.0,6,5th Place Match,False
boys,2026,157,7,35773519132,Zac Scott,Johnson Central,13.0,5,5th Place Match,True
boys,2026,157,8,34994786132,Riley Sanford,Spencer County,7.5,8,7th Place Match,False
boys,2026,157,9,35045481132,Emory Dix,Madison Central,19.5,4,3rd Place Match,False
boys,2026,157,10,35049796132,Thomas Brauer,Owensboro Catholic,3.0,,Cons. Round 3,False
boys,2026,157,11,35562987132,Jake Holtgrave,St. Xavier,4.5,,Cons. Round 4,False
boys,2026,157,12,34988676132,Deacon Harrison,Christian County,1.0,,Cons. Round 2,False
boys,2026,157,13,34993547132,Joseph Habimana,Moore,3.0,,Cons. Round 3,False
boys,2026,157,15,35046223132,,,0.0,,Cons. Round 1,False
boys,2026,157,16,35040567132,Leland Garcia,Male,5.0,,Cons. Round 4,False
boys,2026,157,18,35035507132,Wendel Shackelford,Union County,2.0,,Cons. Round 2,False
boys,2026,157,19,35383674132,Kameryis Rodriquez Cline,Owensboro,3.5,,Cons. Round 4,False
boys,2026,157,20,34989056132,Joseph Whaley,North Hardin,3.0,,Cons. Round 2,False
boys,2026,157,21,35001149132,Jackson Holly,Central Hardin,4.5,,Cons. Round 3,False
boys,2026,157,23,35226175132,Jaxon Cox,Nelson County,1.0,,Cons. Round 2,False
boys,2026,157,24,35321340132,,,0.0,,Cons. Round 2,False
boys,2026,157,25,35205060132,,,0.0,,Cons. Round 1,False
boys,2026,157,28,35156201132,James Williams,Taylor County,2.0,,Cons. Round 2,False
boys,2026,157,30,34997567132,Brock Heidle,George Rogers Clark,2.0,,Cons. Round 3,False
boys,2026,157,31,35420605132,,,0.0,,Cons. Round 1,False
boys,2026,157,34,35688473132,,,0.0,,Cons. Round 1,False
boys,2026,157,39,35281290132,Thomas Tilley,Dixie Heights,2.0,,Cons. Round 2,False
boys,2026,157,46,35271623132,Liam Wood,Simon Kenton,2.0,,Cons. Round 2,False
boys,2026,157,49,35281174132,,,0.0,,Cons. Round 1,False
boys,2026,157,51,35433190132,,,0.0,,Cons. Round 1,False
boys,2026,157,60,35908853132,,,0.0,,Cons. Round 1,False
boys,2026,157,62,35700064132,,,0.0,,Cons. Round 1,False
boys,2026,165,1,34992803132,Micah Thompson,Boyle County,29.0,1,1st Place Match,True
boys,2026,165,2,35202490132,Gavin Becker,South Oldham,4.5,,Cons. Round 4,False
boys,2026,165,3,35752327132,Dalton Matney,Johnson Central,24.5,2,1st Place Match,False
boys,2026,165,4,35850441132,Tony Leader,Boyd County,23.0,3,3rd Place Match,True
boys,2026,165,5,35441085132,Samuelu Hazelwood,Central Hardin,5.5,,Cons. Round 4,False
boys,2026,165,6,35271118132,Ben Woosley,Simon Kenton,6.0,,Cons. Round 4,False
boys,2026,165,7,35368120132,Jared Cornell,Somerset,2.0,,Cons. Round 2,False
boys,2026,165,8,35663418132,Noah Crisp,Ryle,15.0,4,3rd Place Match,False
boys,2026,165,9,35884906132,ian tucker,Wayne County,2.0,,Cons. Round 3,False
boys,2026,165,10,35135149132,joshua Tuttle,Fairdale,12.0,7,7th Place Match,True
boys,2026,165,11,35732596132,Cole Jewell,Martin County High School,5.0,,Cons. Round 3,False
boys,2026,165,12,34989040132,Ethan O`Malley,Paducah Tilghman,12.5,5,5th Place Match,True
boys,2026,165,13,35035530132,Carter Thomas,Union County,3.0,,Cons. Round 3,False
boys,2026,165,15,34993732132,Karsyn Sumpter,Harrison County,10.0,6,5th Place Match,False
boys,2026,165,16,35640359132,,,0.0,,Cons. Round 1,False
boys,2026,165,17,35081199132,Msabaha Sumaili,Henry Clay,3.0,,Cons. Round 4,False
boys,2026,165,18,34988568132,Joesiah Hernandez,Conner,2.0,,Cons. Round 2,False
boys,2026,165,19,35045487132,CHRIS HOLLINGSWORTH,Madison Central,1.0,,Cons. Round 2,False
boys,2026,165,21,34989006132,Hunter Roberts,Ohio County,3.0,,Cons. Round 3,False
boys,2026,165,25,35144511132,Domanic Patterson,LaRue County,2.0,,Cons. Round 2,False
boys,2026,165,27,34993279132,,,0.0,,Cons. Round 1,False
boys,2026,165,28,35205063132,Jacob Tylutke,Bullitt East,2.0,,Cons. Round 2,False
boys,2026,165,31,35542534132,Destin Basemore,Central,5.5,8,7th Place Match,False
boys,2026,165,32,35489028132,Wyatt Dunn,Calloway County,2.0,,Cons. Round 2,False
boys,2026,165,33,34997713132,Grayson Scott,Franklin County,3.0,,Cons. Round 2,False
boys,2026,165,34,35267063132,,,0.0,,Cons. Round 1,False
boys,2026,165,36,35124878132,Ethan Brandhorst,Montgomery County,1.5,,Cons. Round 2,False
boys,2026,165,38,35048597132,,,0.0,,Cons. Round 1,False
boys,2026,165,44,35084045132,,,0.0,,Cons. Round 1,False
boys,2026,165,48,35035538132,,,0.0,,Cons. Round 1,False
boys,2026,165,50,35228539132,,,0.0,,Cons. Round 1,False
boys,2026,165,53,35007894132,,,0.0,,Cons. Round 1,False
boys,2026,175,1,34989032132,Ben Hall,Paducah Tilghman,29.0,1,1st Place Match,True
boys,2026,175,2,35156191132,Owen Lamer,Taylor County,24.5,3,3rd Place Match,True
boys,2026,175,3,35488163132,Keegan Bishop,Covington Catholic,6.5,,Cons. Round 4,False
boys,2026,175,4,35663692132,Keigan Reisenbeck,Ryle,17.5,5,5th Place Match,True
boys,2026,175,5,35205072132,Max Baxter,Bullitt East,25.0,2,1st Place Match,False
boys,2026,175,6,35225290132,Peyton Zinser,Scott,1.0,,Cons. Round 2,False
boys,2026,175,7,35122065132,Tyler Hillebrandt,Oldham County,19.0,4,3rd Place Match,False
boys,2026,175,8,34997606132,Cyrus Greiwe,Corbin,5.5,,Cons. Round 4,False
boys,2026,175,9,35127109132,Dawson Schroering,Dupont Manual,8.0,7,7th Place Match,True
boys,2026,175,10,35135157132,Yousif Al Shuweily,Fairdale,1.0,,Cons. Round 2,False
boys,2026,175,11,35542524132,Elijah McCormick,Central,1.0,,Cons. Round 2,False
boys,2026,175,13,35207986132,Ethan Peckenpaugh,Henderson County,9.5,8,7th Place Match,False
boys,2026,175,14,35081208132,Frank Niyonyishu,Henry Clay,4.0,,Cons. Round 3,False
boys,2026,175,15,35222658132,,,0.0,,Cons. Round 1,False
boys,2026,175,16,34993730132,,,0.0,,Cons. Round 1,False
boys,2026,175,17,35214954132,Corey Freihofer,Cooper,3.0,,Cons. Round 4,False
boys,2026,175,18,35640091132,Cameron Green,Great Crossing,5.0,,Cons. Round 3,False
boys,2026,175,19,35205294132,Maddox Tabor,Greenwood,4.0,,Cons. Round 3,False
boys,2026,175,20,35090033132,,,0.0,,Cons. Round 1,False
boys,2026,175,21,35144531132,Lucas Durham,LaRue County,4.5,,Cons. Round 4,False
boys,2026,175,22,35017744132,Nathaniel Williams,Ashland Blazer,15.0,6,5th Place Match,False
boys,2026,175,25,35035605132,Daniel Thompson,Union County,1.0,,Cons. Round 2,False
boys,2026,175,27,35732595132,James Begley,Martin County High School,2.0,,Cons. Round 2,False
boys,2026,175,30,35599166132,Darius Ridner,Mccreary Central,4.0,,Cons. Round 3,False
boys,2026,175,34,35029248132,Grayson Cole,South Warren,2.0,,Cons. Round 2,False
boys,2026,175,35,35688499132,,,0.0,,Cons. Round 1,False
boys,2026,175,36,34993884132,Ryder Sadler,Green County,2.0,,Cons. Round 2,False
boys,2026,175,40,35447539132,,,0.0,,Cons. Round 1,False
boys,2026,175,50,35724488132,,,0.0,,Cons. Round 1,False
boys,2026,175,53,35267058132,,,0.0,,Cons. Round 2,False
boys,2026,175,54,37429041132,,,0.0,,Cons. Round 1,False
boys,2026,175,58,34988686132,,,0.0,,Cons. Round 1,False
boys,2026,190,1,35035621132,Lucas Ricketts,Union County,30.5,1,1st Place Match,True
boys,2026,190,2,34989030132,DJ Wilson,Paducah Tilghman,19.0,3,3rd Place Match,True
boys,2026,190,3,35045493132,CARSON HERBST,Madison Central,25.5,2,1st Place Match,False
boys,2026,190,4,35217308132,Riley Burton,Fern Creek,19.0,4,3rd Place Match,False
boys,2026,190,5,35127097132,Darien Allen,Dupont Manual,13.0,5,5th Place Match,True
boys,2026,190,6,34989004132,Garrison Messer,Ohio County,14.0,7,7th Place Match,True
boys,2026,190,7,35202492132,Beau Gordon,South Oldham,13.0,6,5th Place Match,False
boys,2026,190,8,35051529132,Braylen Livingston,Woodford County,3.5,,Cons. Round 4,False
boys,2026,190,10,35651920132,Daniel Switzer,Harrison County,6.0,,Cons. Round 4,False
boys,2026,190,12,35001147132,Apelu Hazelwood,Central Hardin,2.0,,Cons. Round 2,False
boys,2026,190,13,35205061132,Raiden Rios,Bullitt East,1.0,,Cons. Round 2,False
boys,2026,190,14,35732643132,Easton Slone,Martin County High School,3.0,,Cons. Round 3,False
boys,2026,190,15,35751941132,Gabriel Blackburn,Johnson Central,1.0,,Cons. Round 3,False
boys,2026,190,16,35017742132,Branden McGee,Ashland Blazer,3.0,,Cons. Round 2,False
boys,2026,190,17,35513059132,,,0.0,,Cons. Round 1,False
boys,2026,190,18,34988698132,DeAsian Harris,Christian County,1.0,,Cons. Round 3,False
boys,2026,190,19,35563017132,Douglas Mulhall,St. Xavier,3.0,,Cons. Round 2,False
boys,2026,190,22,35611425132,Bryton Tye,Corbin,3.0,,Cons. Round 2,False
boys,2026,190,23,35226392132,Aaron Thompson,Nelson County,3.0,,Cons. Round 2,False
boys,2026,190,24,35207985132,Brock Crook,Henderson County,2.0,,Cons. Round 2,False
boys,2026,190,26,34989057132,,,0.0,,Cons. Round 1,False
boys,2026,190,30,35488261132,Antonio Rodriguez,Covington Catholic,6.0,,Cons. Round 4,False
boys,2026,190,31,35281292132,Henry Morales,Dixie Heights,3.0,,Cons. Round 4,False
boys,2026,190,32,35084287132,Scott Jennings,Ballard,2.0,,Cons. Round 3,False
boys,2026,190,33,35225264132,Kylen Sturgeon,Scott,8.0,8,7th Place Match,False
boys,2026,190,37,35135148132,,,0.0,,Cons. Round 1,False
boys,2026,190,38,35281177132,,,0.0,,Cons. Round 1,False
boys,2026,190,42,35398403132,Xander Turner,Highlands,3.0,,Cons. Round 2,False
boys,2026,190,44,35640820132,,,0.0,,Cons. Round 1,False
boys,2026,190,46,35405500132,,,0.0,,Cons. Round 1,False
boys,2026,190,49,35368118132,,,0.0,,Cons. Round 1,False
boys,2026,190,60,35207469132,,,0.0,,Cons. Round 1,False
boys,2026,215,1,34993728132,Brock Sexton,Harrison County,25.5,1,1st Place Match,True
boys,2026,215,2,34989044132,Rage Henderson,Paducah Tilghman,26.0,2,1st Place Match,False
boys,2026,215,3,34992805132,Jax Crowe,Boyle County,19.0,5,5th Place Match,True
boys,2026,215,4,35127098132,Devin Allen,Dupont Manual,23.5,3,3rd Place Match,True
boys,2026,215,5,35884820132,thorin johnson,Wayne County,17.5,4,3rd Place Match,False
boys,2026,215,6,35404979132,Jeffrey Temprano,Lafayette,12.5,6,5th Place Match,False
boys,2026,215,9,35896302132,Neal Wright,Bullitt Central,6.0,,Cons. Round 4,False
boys,2026,215,10,35732644132,Brayden Fannin,Martin County High School,6.0,,Cons. Round 4,False
boys,2026,215,11,35271741132,Jaydan Rutherford,Simon Kenton,13.0,7,7th Place Match,True
boys,2026,215,12,34995410132,Bode Darland,Lexington Christian,2.0,,Cons. Round 2,False
boys,2026,215,13,34994866132,,,0.0,,Cons. Round 1,False
boys,2026,215,14,35226459132,,,0.0,,Cons. Round 1,False
boys,2026,215,15,35040578132,Galvin Stephens,Male,4.0,8,7th Place Match,False
boys,2026,215,16,35850442132,Cayden Thompson,Boyd County,3.5,,Cons. Round 3,False
boys,2026,215,17,35284466132,Phillip Sullivan,Trinity (Louisville),5.0,,Cons. Round 4,False
boys,2026,215,18,35458688132,Joshua Frost,Calloway County,5.0,,Cons. Round 4,False
boys,2026,215,19,34989077132,Cohen Campbell,North Hardin,4.5,,Cons. Round 3,False
boys,2026,215,21,35081203132,,,0.0,,Cons. Round 2,False
boys,2026,215,23,35752043132,,,0.0,,Cons. Round 2,False
boys,2026,215,24,37002443132,,,0.0,,Cons. Round 3,False
boys,2026,215,27,35035623132,,,0.0,,Cons. Round 1,False
boys,2026,215,29,35144518132,Jace Detre,LaRue County,1.0,,Cons. Round 2,False
boys,2026,215,30,35017745132,,,0.0,,Cons. Round 1,False
boys,2026,215,30,35488268132,Tyler Heck,Covington Catholic,2.0,,Cons. Round 2,False
boys,2026,215,32,35045484132,AUSTIN HURST,Madison Central,1.0,,Cons. Round 2,False
boys,2026,215,35,35051535132,Elijah Huff,Woodford County,3.0,,Cons. Round 2,False
boys,2026,215,36,34995986132,Alexander Goodin,Bell County,5.0,,Cons. Round 3,False
boys,2026,215,40,34993551132,,,0.0,,Cons. Round 1,False
boys,2026,215,41,35119533132,,,0.0,,Cons. Round 1,False
boys,2026,215,42,35214950132,,,0.0,,Cons. Round 1,False
boys,2026,215,53,35001152132,,,0.0,,Cons. Round 2,False
boys,2026,215,59,35521021132,,,0.0,,Cons. Round 1,False
boys,2026,285,1,35035634132,Austin Cummings,Union County,5.0,,Cons. Round 3,False
boys,2026,285,2,35214900132,Christian Brown,Cooper,24.0,3,3rd Place Match,True
boys,2026,285,3,34989137132,Brayden Allender,Campbell County,21.0,2,1st Place Match,False
boys,2026,285,4,35226252132,Austin Goodpaster,Nelson County,7.0,,Cons. Round 4,False
boys,2026,285,5,37024868132,Colton Lewis,Atherton,34.0,1,1st Place Match,True
boys,2026,285,6,35205190132,,,0.0,,Cons. Round 1,False
boys,2026,285,7,35562979132,Ethan Harris,St. Xavier,10.0,7,7th Place Match,True
boys,2026,285,10,35127100132,William Galloway,Dupont Manual,5.0,,Cons. Round 3,False
boys,2026,285,12,35017748132,Wyatt Riley,Ashland Blazer,3.0,,Cons. Round 2,False
boys,2026,285,13,35773044132,Isaac Adkins,Johnson Central,3.0,,Cons. Round 4,False
boys,2026,285,14,35850443132,Cameron Thompson,Boyd County,3.0,,Cons. Round 2,False
boys,2026,285,15,34997701132,Marq Sheckles,Western,2.0,,Cons. Round 4,False
boys,2026,285,16,35051541132,Maxx Escaloni,Woodford County,15.0,4,3rd Place Match,False
boys,2026,285,17,34988678132,Treshawn Crenshaw,Christian County,1.0,,Cons. Round 2,False
boys,2026,285,18,36434624132,Elias McPike,Paducah Tilghman,13.0,5,5th Place Match,True
boys,2026,285,19,34988551132,Bryce Sizemore,Conner,1.0,,Cons. Round 4,False
boys,2026,285,21,34993735132,,,0.0,,Cons. Round 2,False
boys,2026,285,23,35281172132,Fernando Cruz,Bryan Station,2.0,,Cons. Round 2,False
boys,2026,285,24,35640480132,Michael Braunm,Great Crossing,2.0,,Cons. Round 3,False
boys,2026,285,25,34995377132,,,0.0,,Cons. Round 1,False
boys,2026,285,26,35194109132,,,0.0,,Cons. Round 1,False
boys,2026,285,29,35144515132,Anthony Merino,LaRue County,4.0,,Cons. Round 3,False
boys,2026,285,30,35122075132,Liam Riordan,Oldham County,2.0,,Cons. Round 2,False
boys,2026,285,31,34989058132,,,0.0,,Cons. Round 1,False
boys,2026,285,32,34997609132,Joshua Goins,Corbin,8.0,8,7th Place Match,False
boys,2026,285,33,34997711132,Zander Edington,Franklin County,1.0,,Cons. Round 2,False
boys,2026,285,34,35420700132,Landon Bryant,Whitley County,15.0,6,5th Place Match,False
boys,2026,285,40,35325223132,,,0.0,,Cons. Round 1,False
boys,2026,285,52,34995975132,Johnathan Tapp,Bell County,2.0,,Cons. Round 2,False
boys,2026,285,54,35281289132,,,0.0,,Cons. Round 1,False
boys,2026,285,66,35700002132,,,0.0,,Cons. Round 1,False
boys,2026,285,68,35208003132,,,0.0,,Cons. Round 1,False
